domain,category,subcategory,pag
114.news,Earned Media,Earned Media Global,FALSE
123ecos.com.br,Earned Media,Earned Media BR,FALSE
20minutos.es,Earned Media,Earned Media Global,FALSE
3.dk,Other,,FALSE
321bank.com.br,Other,,FALSE
360immigrationlaw.com,Other,,FALSE
365saude.com.br,Earned Media,Earned Media BR,FALSE
39.net,Earned Media,Earned Media Global,FALSE
3c.gg,Other,,FALSE
3cpatientadvocacy.com,Other,,FALSE
3gpropertiesgroup.com,Other,,FALSE
3hcg.com,Other,,FALSE
4bio.com.br,Other,,FALSE
4dayweek.io,Other,,FALSE
7dayhomecare.com,Other,,FALSE
8t3.com,Other,,FALSE
98fmnatal.com.br,Other,,FALSE
99contratos.com.br,Other,,FALSE
aaas.org,Institutions,Institution Global,FALSE
aacd.org.br,Other,,FALSE
aacr.org,Institutions,Institution Global,FALSE
aacrjournals.org,Institutions,Institution Global,FALSE
aadora.org.br,Institutions,Institution BR,TRUE
aafp.org,Institutions,Institution Global,FALSE
aakp.org,Institutions,Institution Global,FALSE
aamds.org,Institutions,Institution Global,FALSE
aamhor.com.br,Other,,FALSE
aan.com,Institutions,Institution Global,FALSE
aap.org,Institutions,Institution Global,FALSE
aapccrianca.org.br,Other,,FALSE
aapecan.org.br,Other,,FALSE
aapirc.org.br,Other,,FALSE
aapmr.org,Institutions,Institution Global,FALSE
aar.org.br,Other,,FALSE
aaro.sg,Other,,FALSE
abac.org.br,Other,,FALSE
abacluz.org.br,Other,,FALSE
abathon.com.br,Other,,FALSE
abbottbrasil.com.br,Other,,FALSE
abbreviationfinder.org,Earned Media,Earned Media Global,FALSE
abbvie.com.br,Other,,FALSE
abc.med.br,Earned Media,Earned Media BR,FALSE
abc.org.br,Other,,FALSE
abc7news.com,Earned Media,Earned Media Global,FALSE
abc7ny.com,Earned Media,Earned Media Global,FALSE
abccardiol.org,Institutions,Institution Global,FALSE
abccuidadores.org,Other,,FALSE
abcd.org.br,Other,,FALSE
abcdasaude.com.br,Other,,FALSE
abcdef.wiki,Other,,FALSE
abcdoabc.com.br,Earned Media,Earned Media BR,FALSE
abcdt.org.br,Other,,FALSE
abcmais.com,Earned Media,Earned Media Global,FALSE
abcmt.org.br,Other,,FALSE
abczdrowie.pl,Earned Media,Earned Media Global,FALSE
abdim.org,Other,,FALSE
abdominalkey.com,Earned Media,Earned Media Global,FALSE
abdr.net.br,Other,,FALSE
abecan.com.br,Earned Media,Earned Media BR,FALSE
abem.org.br,Other,,FALSE
abenepirio.com.br,Other,,FALSE
abh.org.br,Other,,FALSE
abhhoficial.com.br,Other,,FALSE
abificc.org.br,Other,,FALSE
abiis.org.br,Other,,FALSE
abinssaude.org,Other,,FALSE
abneuro.org.br,Other,,FALSE
abnmo.org,Other,,FALSE
aboutbrachytherapy.com,Earned Media,Earned Media Global,FALSE
abpar.org.br,Other,,FALSE
abpcorg.com.br,Other,,FALSE
abracehcc.com.br,Other,,FALSE
abradilan.com.br,Other,,FALSE
abradimex.com.br,Other,,FALSE
abrale.org.br,Institutions,Institution BR,TRUE
abralinfe.org,Other,,FALSE
abrame.org.br,Other,,FALSE
abramebrasil.com.br,Other,,FALSE
abramed.org.br,Other,,FALSE
abrami.org.br,Other,,FALSE
abrapec.org,Other,,FALSE
abrapp.org.br,Other,,FALSE
abrapreci.org.br,Other,,FALSE
abraz.org.br,Other,,FALSE
abrec.org.br,Other,,FALSE
abrela.org.br,Other,,FALSE
abrigomoacyralves.org,Other,,FALSE
abril.com.br,Earned Media,Earned Media BR,FALSE
abuscadacura.com.br,Other,,FALSE
ac.gov.br,Institutions,Institution BR,FALSE
academia.edu,Institutions,Institution Global,FALSE
academiadepacientes.com.br,Other,,FALSE
academiamedica.com.br,Earned Media,Earned Media BR,FALSE
academiawave.com.br,Other,,FALSE
academicpath.org,Other,,FALSE
acaoavc.org.br,Other,,FALSE
acaosolidaria.org.br,Other,,FALSE
acaprena.org.br,Other,,FALSE
acbgbrasil.org,Other,,FALSE
acc.org,Institutions,Institution Global,FALSE
accamargo.org.br,Institutions,Institution BR,FALSE
accc-cancer.org,Institutions,Institution Global,FALSE
accg.org.br,Other,,FALSE
acclinica.com.br,Other,,FALSE
accp1.org,Institutions,Institution Global,FALSE
acdgbrasil.com.br,Other,,FALSE
acdracamu.org.br,Other,,TRUE
ace-hta.gov.sg,Institutions,Institution Global,FALSE
acepdr.com.br,Other,,FALSE
acervomais.com.br,Institutions,Institution BR,FALSE
acessamedmais.com.br,Other,,FALSE
ache.com.br,Other,,FALSE
acheiusa.com,Other,,FALSE
acibademinternational.com,Other,,FALSE
acirmesp.org.br,Other,,FALSE
aclinicaviver.com.br,Other,HCP,FALSE
acmg.net,Institutions,Institution Global,FALSE
acog.org,Institutions,Institution Global,FALSE
acolhevida.com.br,Other,,FALSE
aconchegoidosos.com.br,Other,,FALSE
acontecendoaqui.com.br,Earned Media,Earned Media BR,FALSE
acordacidade.com.br,Earned Media,Earned Media BR,FALSE
acrisure.com.br,Other,,FALSE
acritica.com,Earned Media,Earned Media BR,FALSE
actamedicaportuguesa.com,Other,,FALSE
actamyologica.it,Institutions,Institution Global,FALSE
actchealth.com,Other,,FALSE
actemrahcp.com,Other,,FALSE
activebeat.com,Earned Media,Earned Media Global,FALSE
acvida.com.br,Other,,FALSE
acvjournal.com,Other,,FALSE
ada.com,Other,,FALSE
adam.com,Other,,FALSE
addera.com.br,Other,,FALSE
adiumsaude.com.br,Other,,FALSE
adrianeoliveira.adv.br,Other,,FALSE
adrianoscaff.com.br,Other,,FALSE
adriennemoreno.com.br,Other,,FALSE
adrp.pt,Other,,FALSE
advancecare.pt,Other,,FALSE
advancedreconstruction.com,Other,,FALSE
advancedurology.com,Other,,FALSE
advancedurology.net,Other,,FALSE
advbox.com.br,Other,,FALSE
advferreiraleite.com,Other,,FALSE
advfn.com,Earned Media,Earned Media Global,FALSE
advocaciaalves.com.br,Other,,FALSE
advocaciamedica.com.br,Other,HCP,FALSE
advocaciavf.com.br,Other,,FALSE
advogadaariannecaetano.com.br,Other,,FALSE
advogadogermano.com.br,Other,,FALSE
advogadoriodejaneiro.com,Other,,FALSE
aecat.net,Other,,FALSE
aefcomfort.com.br,Other,,FALSE
aeiou.pt,Earned Media,Earned Media Global,FALSE
aemps.es,Institutions,Institution Global,FALSE
aemps.gob.es,Institutions,Institution Global,FALSE
aepeventosdigitales.com,Other,,FALSE
aerzteblatt.de,Institutions,Institution Global,FALSE
aerztezeitung.de,Earned Media,Earned Media Global,FALSE
aetna.com,Other,,FALSE
aetnabetterhealth.com,Other,,FALSE
afagbrasil.org.br,Other,,FALSE
afecc.org.br,Other,,FALSE
affidea.pt,Other,,FALSE
afinamenina.com.br,Earned Media,Earned Media BR,FALSE
afluxsaude.com.br,Other,HCP,FALSE
afm-telethon.fr,Institutions,Institution Global,FALSE
afonte.org.br,Other,,FALSE
afontedeinformacao.com,Earned Media,Earned Media Global,FALSE
aforocongresos.com,Other,,FALSE
afpes.com.br,Other,,FALSE
afpesp.org.br,Other,,FALSE
afrapesp.org.br,Other,,FALSE
afwomensmed.com,Other,,FALSE
afya.com.br,Other,,FALSE
agazeta.com.br,Earned Media,Earned Media BR,FALSE
agenciaaids.com.br,Other,,FALSE
agenciacidades.com.br,Other,,FALSE
agenciaeinstein.com.br,Other,,FALSE
agenciapatriciagalvao.org.br,Other,,FALSE
agendia.com,Other,,FALSE
agenorpaiva.com.br,Other,,FALSE
agillemed.com.br,Other,,FALSE
agiltrace.com,Other,,FALSE
agimmigration.law,Other,,FALSE
agirsaude.org.br,Other,HCP,FALSE
ago-online.de,Institutions,Institution Global,FALSE
agorars.com,Earned Media,Earned Media Global,FALSE
agorasoumae.com.br,Other,,FALSE
agostiniemartiniadvocacia.com.br,Other,,FALSE
ahau.org,Other,,FALSE
ahbva.pt,Other,,FALSE
ahdbonline.com,Earned Media,Earned Media Global,FALSE
ai-online.info,Earned Media,Earned Media Global,FALSE
aibloodtest.de,Other,,FALSE
aicib.pt,Other,,FALSE
aicr.org,Institutions,Institution Global,FALSE
aicso.pt,Other,,FALSE
aidiagme.com,Other,,FALSE
aifa.gov.it,Institutions,Institution Global,FALSE
ailos.coop.br,Other,,FALSE
aim.clinic,Other,,FALSE
aimatmelanoma.org,Institutions,Institution BR,FALSE
aimatskincancer.org,Institutions,Institution Global,FALSE
ainvest.com,Other,,FALSE
ajkd.org,Institutions,Institution Global,FALSE
ajkdblog.org,Institutions,Institution Global,FALSE
ajmc.com,Earned Media,Earned Media Global,FALSE
ajpinto.pt,Other,,FALSE
akcdiagnosticos.com.br,Other,,FALSE
akdh.org,Institutions,Institution Global,FALSE
akdhc.com,Other,,FALSE
akpharma.in,Other,,FALSE
akronchildrens.org,Institutions,Institution Global,FALSE
al.gov.br,Institutions,Institution BR,FALSE
al1.com.br,Earned Media,Earned Media BR,FALSE
alambrabrasil.org,Other,,FALSE
alaska.gov,Institutions,Institution Global,FALSE
alberta.ca,Institutions,Institution Global,FALSE
alcer.org,Institutions,Institution Global,FALSE
alchemypet.com.br,Other,,FALSE
aleam.gov.br,Other,,FALSE
alemdadeficiencia.com.br,Other,,FALSE
alemdocuidado.com.br,Other,,FALSE
alergiabotafogo.com.br,Other,,FALSE
alergolife.com.br,Other,,FALSE
alert-online.com,Other,,FALSE
alertaemprego.pt,Other,,FALSE
aleviaro.com.br,Other,,FALSE
alexandreelias.com.br,Other,,FALSE
alexandremeira.com.br,Other,HCP,FALSE
alexandrepietschgeriatria.com.br,Other,HCP,FALSE
alfaconsultoria.net.br,Other,,FALSE
alfatestlab.com.br,Other,,FALSE
alfredonegreirosadvocacia.adv.br,Other,,FALSE
algar.com.br,Other,,FALSE
algomais.com,Earned Media,Earned Media Global,FALSE
aliancamillionsmissing.org,Other,,FALSE
alibaba.com,Other,,FALSE
alinedavila.com.br,Other,,FALSE
aliraclinica.com.br,Other,HCP,FALSE
alisaude.com.br,Other,,FALSE
alivia.es,Institutions,Institution Global,FALSE
allcare.com.br,Other,,FALSE
allclinicaltrials.com,Other,,FALSE
allmedgroup.com.br,Other,,FALSE
allpe.com.br,Other,,FALSE
allsci.com,Other,,FALSE
allseniors.org,Institutions,Institution Global,FALSE
allthingshair.com,Other,,FALSE
almeidacorretora.com.br,Other,,FALSE
almeidaematos.com.br,Other,,FALSE
almg.gov.br,Institutions,Institution BR,FALSE
aloalobahia.com,Earned Media,Earned Media Global,FALSE
alobebe.com.br,Other,,FALSE
aloracosmeticos.com.br,Other,,FALSE
alphadiagnoseoftalmo.com.br,Other,,FALSE
altadiagnosticos.com.br,Other,,FALSE
altamaisseguros.com.br,Other,,FALSE
altocusto.com.br,Other,,FALSE
altru.org,Other,,FALSE
alusolda.com.br,Other,,FALSE
alvapersonalcare.com.br,Other,,FALSE
alvorada.pt,Other,,FALSE
alwaysbrasil.com.br,Other,,FALSE
am.def.br,Other,,FALSE
am.gov.br,Institutions,Institution BR,FALSE
ama-te.net,Other,,FALSE
amadomundo.com,Other,,FALSE
amaeclinica.com.br,Other,HCP,FALSE
amaemicrocefalia.com.br,Other,,FALSE
amaes.org.br,Other,,FALSE
amafresp.org.br,Other,,FALSE
amaissaude.com.br,Other,,FALSE
amame.org,Other,,FALSE
amame.org.br,Other,,FALSE
amanda.med.br,Other,,FALSE
amandiamarchetti.com.br,Other,,FALSE
amaralcarvalho.org.br,Other,,FALSE
amarepediatria.com.br,Other,HCP,FALSE
amarinstituicao.com.br,Other,,FALSE
amateam.pt,Other,,FALSE
amato.com.br,Other,HCP,FALSE
amazon.com.br,Other,,FALSE
amazonasatual.com.br,Earned Media,Earned Media BR,FALSE
amazonaws.com,Other,,FALSE
amb.org.br,Institutions,Institution BR,FALSE
ambetterhealth.com,Other,,FALSE
ambitcare.com,Other,,FALSE
ambitojuridico.com.br,Other,,FALSE
ambrygen.com,Other,,FALSE
ame-sp.org.br,Other,,FALSE
ameadocao.org.br,Other,,FALSE
ameassis.org.br,Other,,FALSE
ameassistenciamental.com,Other,,FALSE
amebarradas.org.br,Other,,FALSE
amebarretos.com.br,Other,,FALSE
amebrasil.com.br,Other,,FALSE
amebrasil.org.br,Institutions,Institution BR,FALSE
amecampinas.org.br,Other,,FALSE
amedf.com.br,Other,,FALSE
amegb.org.br,Other,,FALSE
amegroups.org,Institutions,Institution Global,FALSE
ameh.com.br,Other,,FALSE
amehomecare.com.br,Other,,FALSE
ameinstitutoipe.com.br,Other,,FALSE
ameitapevi.org.br,Other,,FALSE
ameneuro.com.br,Other,,FALSE
amenotestedopezinho.com.br,Other,,FALSE
ameo.org.br,Other,,FALSE
ameplansaude.com.br,Other,HCP,FALSE
america.gov,Institutions,Institution Global,FALSE
americanbrainfoundation.org,Institutions,Institution Global,FALSE
americanexpress.com,Other,,FALSE
americanmigrainefoundation.org,Institutions,Institution Global,FALSE
americasamigas.org.br,Other,,TRUE
ameripharmaspecialty.com,Other,,FALSE
amesantos.org.br,Other,,FALSE
amesaude.com.br,Other,HCP,FALSE
amesbarrychiro.com,Other,,FALSE
amesperanca.com.br,Other,,FALSE
amesuamente.org.br,Other,,FALSE
ametaubate.org.br,Other,,FALSE
amevotuporanga.com.br,Other,,FALSE
amgconsultoriaetreinamento.com.br,Other,,FALSE
amgen.com,Other,,FALSE
amgenbyyourside.com,Other,,FALSE
amhsr.org,Institutions,Institution Global,FALSE
amigasdamama.org.br,Other,,TRUE
amigasdopeito.com,Other,,FALSE
amigasdopeito.pt,Other,,FALSE
amigasdopeitopp.com.br,Other,,FALSE
amigopanda.com.br,Other,,FALSE
amigosdaoncologia.org.br,Other,,TRUE
amigosdohc.org.br,Other,,FALSE
amigosdorim.org.br,Other,,FALSE
amigosmultiplos.org.br,Institutions,Institution BR,TRUE
amjcaserep.com,Institutions,Institution Global,FALSE
amjtransplant.org,Institutions,Institution Global,FALSE
amme.med.br,Other,,FALSE
amme.org.br,Other,,FALSE
ammg.org.br,Institutions,Institution BR,FALSE
amoena.com,Other,,FALSE
amoresumos.com,Other,,FALSE
amorsaude.com.br,Other,,FALSE
ampe-med.com,Other,,FALSE
ampid.org.br,Institutions,Institution BR,FALSE
amrigs.org.br,Other,,FALSE
amsterdamumc.nl,Institutions,Institution Global,FALSE
amucc.org.br,Other,,FALSE
anabeatrizazevedo.com.br,Other,,FALSE
anacarolinanobre.com.br,Other,,FALSE
anacli.com.br,Other,,FALSE
anad.org.br,Institutions,Institution BR,TRUE
anadem.com.br,Other,,FALSE
anadep.org.br,Other,,FALSE
anahp.com.br,Other,,FALSE
anaisdedermatologia.org.br,Institutions,Institution BR,FALSE
analesdepediatria.org,Institutions,Institution Global,FALSE
analiseslab.com.br,Other,,FALSE
anameportugal.com,Other,,FALSE
anapaulagiraldes.com.br,Other,,FALSE
anasilvaguerra.com,Other,,FALSE
anaximenazunino.com.br,Other,,FALSE
anbimaedu.com.br,Other,,FALSE
and-pro.jp,Other,,FALSE
andere.adv.br,Other,,FALSE
andersonmontalvao.com.br,Other,,FALSE
andespediatrica.cl,Earned Media,Earned Media Global,FALSE
andi.org.br,Other,,FALSE
andifes.org.br,Other,,FALSE
andorinhaonline.com.br,Other,,FALSE
andradeegomides.adv.br,Other,,FALSE
andreaaraujo.adv.br,Other,,FALSE
andreacruzadv.com.br,Other,,FALSE
andreajafelicci.com.br,Other,HCP,FALSE
andrebarausse.com,Other,,FALSE
andrebeschizza.com.br,Other,,FALSE
andrecostamatos.com,Other,,FALSE
andrematosuro.com.br,Other,,FALSE
androfert.com.br,Other,,FALSE
andrologiamoinhos.com.br,Other,,FALSE
aneethun.com,Other,,FALSE
aneliserosa.com,Other,,FALSE
anem.info,Other,,FALSE
aneskey.com,Earned Media,Earned Media Global,FALSE
angelaparizotto.com.br,Other,,FALSE
angelapiquimagazine.com,Other,,FALSE
angelicapimenta.com.br,Other,,FALSE
angelinocariello.com.br,Other,,FALSE
angelman.org,Institutions,Institution Global,FALSE
angelmanbrasil.org.br,Other,,FALSE
angelo.med.br,Other,,FALSE
angiocor.com,Other,,FALSE
angiolifeclinica.com.br,Other,HCP,FALSE
anhanguera.com,Institutions,Institution Global,FALSE
aniloizearendt.com.br,Other,,FALSE
animaeducacao.com.br,Institutions,Institution BR,FALSE
animalartists.net,Earned Media,Earned Media Global,FALSE
animalcare.pt,Other,,FALSE
animi.med.br,Other,,FALSE
anm.org.br,Other,,FALSE
anm.ro,Other,,FALSE
annalsofoncology.org,Institutions,Institution Global,FALSE
annemejia.com.br,Other,,FALSE
anoi.com.br,Other,,FALSE
ans.gov.br,Other,,FALSE
ansabrasil.com.br,Earned Media,Earned Media BR,FALSE
antecipafacil.com.br,Other,,FALSE
antena1.com.br,Earned Media,Earned Media BR,FALSE
anthem.com,Other,,FALSE
antibodysociety.org,Other,,FALSE
antidote.me,Other,,FALSE
anuariohde.com,Institutions,Institution Global,FALSE
anvisa.gov.br,Institutions,Institution BR,FALSE
anzsnevents.com,Other,,FALSE
aoa.pt,Other,,FALSE
aocancer.com,Other,,FALSE
aomsc.com,Other,,FALSE
aosfatos.org,Other,,FALSE
aot.adv.br,Other,,FALSE
aou-careggi.toscana.it,Institutions,Institution Global,FALSE
apaeaps.org.br,Other,,FALSE
apaecuritiba.org.br,Other,,FALSE
apaees.org.br,Other,,FALSE
apaeituporanga.com.br,Other,,FALSE
apars.org.br,Other,,FALSE
aparsc.org.br,Other,,FALSE
apas.com.br,Other,,FALSE
apcam.org.br,Other,,FALSE
apellis.com,Other,,FALSE
apellismedicalhub.com,Other,,FALSE
apex.med.br,Other,,FALSE
api.br,Institutions,Institution BR,FALSE
apir.org.pt,Other,,FALSE
apm.org.br,Institutions,Institution BR,FALSE
apn.org.pt,Other,,FALSE
apn.pt,Other,,FALSE
apoenasaude.com.br,Other,HCP,FALSE
apohem.se,Other,,FALSE
apoiomedicamentos.com.br,Other,,FALSE
apollo247.com,Other,,FALSE
apollohospitals.com,Other,,FALSE
aposentadaaostrinta.com.br,Other,,FALSE
apotheke-adhoc.de,Earned Media,Earned Media Global,FALSE
appatologia.com.br,Other,,FALSE
apphealth.com.br,Other,,FALSE
apphon-rohppa.com,Other,,FALSE
appletreepartners.com,Other,,FALSE
appliedclinicaltrialsonline.com,Earned Media,Earned Media Global,FALSE
approby.com,Earned Media,Earned Media Global,FALSE
aprimente.com.br,Other,,FALSE
apsiquiatra.com.br,Other,,FALSE
apublica.org,Earned Media,Earned Media Global,FALSE
apurologia.pt,Institutions,Institution Global,FALSE
araujo.com.br,Other,,FALSE
araujoefazzito.com.br,Other,,FALSE
archhealthinvestigation.com.br,Institutions,Institution BR,FALSE
archimedlife.com,Other,,FALSE
archivesofmedicalscience.com,Earned Media,Earned Media Global,FALSE
argentina.gob.ar,Institutions,Institution Global,FALSE
argospatologia.com.br,Other,,FALSE
ariadamy.com,Other,,FALSE
ariecarneiro.com.br,Other,,FALSE
arielbrandes.com.br,Other,,FALSE
aristidesmaltez.org.br,Other,,FALSE
aristo.com.br,Other,,FALSE
arizonaccc.com,Other,,FALSE
arizonaoncology.com,Other,,FALSE
arkanalabs.com,Other,,FALSE
arkansasbluecross.com,Other,,FALSE
arokago.com,Other,,FALSE
aronguimaraes.com.br,Other,,FALSE
arqrio.org.br,Other,,FALSE
arraesecenteno.com.br,Other,,FALSE
arrangoizmd.com,Other,,FALSE
artemislaboratorio.com.br,Other,,FALSE
artfertil.com.br,Other,,FALSE
artmed.com.br,Other,,FALSE
artmedicina.com.br,Other,HCP,FALSE
artoi.it,Other,,FALSE
artuniadvogados.com.br,Other,,FALSE
arupconsult.com,Other,,FALSE
aruplab.com,Other,,FALSE
arxiv.org,Institutions,Institution Global,FALSE
arzabeadv.com.br,Other,,FALSE
ascension.org,Institutions,Institution Global,FALSE
asco.org,Institutions,Institution Global,FALSE
ascopost.com,Earned Media,Earned Media Global,FALSE
ascopubs.org,Institutions,Institution Global,FALSE
ase-sinaloa.gob.mx,Other,,FALSE
asemgalicia.com,Other,,FALSE
asgct.org,Institutions,Institution Global,FALSE
ashpublications.org,Institutions,Institution Global,FALSE
asn-online.org,Institutions,Institution Global,FALSE
asna.ru,Other,,FALSE
aspecbrasil.org.br,Other,,FALSE
asph.nhs.uk,Institutions,Institution Global,FALSE
assim.com.br,Other,,FALSE
assistenciafarmaceutica.com.br,Other,,FALSE
assistencialismonoticias.com.br,Earned Media,Earned Media BR,FALSE
associacaonossacasa.org.br,Other,,TRUE
associacaorosamulher.org,Other,,TRUE
associatesinnephrologypc.com,Other,,FALSE
assurecosmeticcentre.com.au,Other,,FALSE
asterlabs.in,Other,,FALSE
astramd.org,Other,,FALSE
astrazeneca.com,Competition,,FALSE
astrazeneca.com.br,Other,,FALSE
astursalud.es,Institutions,Institution Global,FALSE
astx.com,Other,,FALSE
atados.com.br,Other,,FALSE
atarde.com.br,Earned Media,Earned Media BR,FALSE
ataxia.info,Other,,FALSE
athenslab.gr,Other,,FALSE
atituderosa.com.br,Other,,FALSE
ativo.com,Earned Media,Earned Media Global,FALSE
atlantichealth.org,Other,,FALSE
atlasdasaude.pt,Earned Media,Earned Media Global,FALSE
atlasemhematologia.com.br,Other,,FALSE
atlaspublico.com.br,Other,,FALSE
atletis.com.br,Other,,FALSE
atodiagnosticos.com.br,Other,,FALSE
atribuna.com.br,Earned Media,Earned Media BR,FALSE
atualizacursos.com.br,Other,,FALSE
atuarios.org.br,Other,,FALSE
atypicalhus.co.uk,Institutions,Institution Global,FALSE
auajournals.org,Institutions,Institution Global,FALSE
auanet.org,Institutions,Institution Global,FALSE
auditorioibirapuera.com.br,Earned Media,Earned Media BR,FALSE
aulete.com.br,Other,,FALSE
auramedicina.com,Other,,FALSE
aurum.com.br,Other,,FALSE
aurumpublicacoes.com,Institutions,Institution Global,FALSE
ausnmd.org,Institutions,Institution Global,FALSE
austahospital.com.br,Other,,FALSE
autismoemdia.com.br,Other,,FALSE
autismoerealidade.org.br,Other,,FALSE
autismoperto.com.br,Other,,FALSE
auto-doc.fr,Other,,FALSE
autolojacuritiba.com.br,Other,,FALSE
avantefarma.com.br,Other,,FALSE
avast.com,Other,,FALSE
aventinomedicalgroup.com,Other,,FALSE
avg.com,Other,,FALSE
avidaplena.com.br,Other,,FALSE
awmf.org,Institutions,Institution Global,FALSE
axahealth.co.uk,Other,,FALSE
axis.com,Other,,FALSE
axlrx.ai,Other,,FALSE
ayub.med.br,Other,HCP,FALSE
azmed.com.br,Other,,FALSE
b3.com.br,Other,,FALSE
ba.gov.br,Institutions,Institution BR,FALSE
babycenter.com,Earned Media,Earned Media Global,FALSE
babymemorialhospitals.com,Other,,FALSE
babynama.com,Other,,FALSE
bacana.news,Other,,FALSE
baccinoticias.com.br,Other,,FALSE
backinstrength.com.au,Other,,FALSE
bago.com.ar,Other,,FALSE
bajajfinservhealth.in,Other,,FALSE
bancohonda.com.br,Other,,FALSE
band.com.br,Earned Media,Earned Media BR,FALSE
bangkokhospital.com,Other,,FALSE
banzeironews.com,Other,,FALSE
baptista.com.br,Other,,FALSE
baptistafernandes.pt,Other,,FALSE
baraovascular.com.br,Other,,FALSE
barbaramarquesoncologia.com.br,Other,,FALSE
barbieriadvogados.com,Other,,FALSE
barbosacastro.com.br,Other,,FALSE
barcellosbaldo.com.br,Other,,FALSE
barchart.com,Other,,FALSE
barphoff.com,Other,,FALSE
baruel.com.br,Other,,FALSE
basg.gv.at,Institutions,Institution Global,FALSE
basicmedicalkey.com,Earned Media,Earned Media Global,FALSE
bassmedicalgroup.com,Other,,FALSE
bau.edu.lb,Other,,FALSE
baystatehealth.org,Institutions,Institution Global,FALSE
bbc.com,Earned Media,Earned Media Global,FALSE
bbesurg.com.au,Other,,FALSE
bbseguros.com.br,Other,,FALSE
bcan.org,Institutions,Institution Global,FALSE
bcb.gov.br,Institutions,Institution BR,FALSE
bcbsfl.com,Other,,FALSE
bcbsil.com,Other,,FALSE
bcbsm.com,Other,,FALSE
bcbst.com,Other,,FALSE
bcbstx.com,Other,,FALSE
bccancer.bc.ca,Institutions,Institution Global,FALSE
bcidaho.com,Other,,FALSE
bcna.org.au,Institutions,Institution Global,FALSE
bcrc-wa.com.au,Institutions,Institution Global,FALSE
bcrenal.ca,Institutions,Institution Global,FALSE
bcrf.org,Institutions,Institution BR,FALSE
bcrj.org.br,Other,,FALSE
bctrims.org.br,Other,,FALSE
beaconhealthsystem.org,Other,,FALSE
beatcancer.eu,Institutions,Institution Global,FALSE
beatrizmleite.com.br,Other,,FALSE
becarispublishing.com,Institutions,Institution Global,FALSE
beda.com.br,Other,,FALSE
bedmed.com.br,Other,,FALSE
beecorp.com.br,Other,,FALSE
beepsaude.com.br,Other,HCP,FALSE
belisario.com.br,Other,,FALSE
bellehealth.co,Other,,FALSE
beltnutrition.com.br,Other,,FALSE
bem-saude.com,Other,,FALSE
bemestaroncologia.com.br,Other,,FALSE
bemparana.com.br,Earned Media,Earned Media BR,FALSE
benchchem.com,Other,,FALSE
benzinga.com,Earned Media,Earned Media Global,FALSE
bertote.com.br,Other,,FALSE
besan.com.br,Other,,FALSE
betaclin.com.br,Other,,FALSE
betaredacao.com.br,Other,,FALSE
beuplifted.org.au,Other,,FALSE
beverlyhillsplasticsurgery.com,Other,,FALSE
bfsadvocacia.com.br,Other,,FALSE
bhf.org.uk,Institutions,Institution Global,FALSE
bialive.pt,Other,,FALSE
bible.com,Institutions,Institution Global,FALSE
bibliotecadopregador.com.br,Other,,FALSE
bienestardelpueblo.com.mx,Other,,FALSE
bigfral.com.br,Other,,FALSE
bigmountaindrugs.com,Other,,FALSE
binaytara.org,Institutions,Institution Global,FALSE
bing.com,Other,,FALSE
bio-research.ai,Other,,FALSE
biobiochile.cl,Earned Media,Earned Media Global,FALSE
biocenternet.com.br,Other,,FALSE
bioclima.ro,Institutions,Institution Global,FALSE
bioclinicacolatina.com.br,Other,,FALSE
biodiagnostica.rs,Other,,FALSE
biogen-support.com,Other,,FALSE
biogen.com,Competition,,FALSE
biogenlinc.com.br,Other,,FALSE
biogentriallink.com,Other,,FALSE
biolabor.com.br,Other,,FALSE
biologyinsights.com,Earned Media,Earned Media Global,FALSE
biomarin.com,Other,,FALSE
biome-hub.com,Other,,FALSE
biomedcentral.com,Institutions,Institution Global,FALSE
biomedica.com.br,Other,HCP,FALSE
biomedicinapadrao.com.br,Other,HCP,FALSE
biomedicus.gr,Other,,FALSE
biomednexus.com,Earned Media,Earned Media Global,FALSE
biometrix.com.br,Other,,FALSE
bionicenter.com.br,Other,,FALSE
bioonco.com.br,Other,,FALSE
biopace.com.br,Other,,FALSE
biopharmaboardroom.com,Earned Media,Earned Media Global,FALSE
biopharmadive.com,Earned Media,Earned Media Global,FALSE
biopharmawatch.com,Earned Media,Earned Media Global,FALSE
biopharminternational.com,Earned Media,Earned Media Global,FALSE
bioprocessintl.com,Earned Media,Earned Media Global,FALSE
biorasi.com,Other,,FALSE
bioredbrasil.com.br,Institutions,Institution BR,FALSE
bioresscientia.com,Institutions,Institution Global,FALSE
bioscan.med.br,Other,,FALSE
bioservlifesciences.com,Other,,FALSE
biospace.com,Earned Media,Earned Media Global,FALSE
biotechdispatch.com.au,Earned Media,Earned Media Global,FALSE
biotechprimer.com,Other,,FALSE
bioxconomy.com,Earned Media,Earned Media Global,FALSE
biron.com,Other,,FALSE
biscaropastore.com.br,Other,,FALSE
bitget.com,Other,,FALSE
bizusaude.com.br,Earned Media,Earned Media BR,FALSE
bjhbs.com.br,Institutions,Institution BR,FALSE
bjmo.be,Earned Media,Earned Media Global,FALSE
bjnephrology.org,Institutions,Institution Global,FALSE
blackpilado.com.br,Earned Media,Earned Media BR,FALSE
blazma.com,Other,,FALSE
blogcarlossantos.com.br,Earned Media,Earned Media BR,FALSE
blogdasaude.com.br,Earned Media,Earned Media BR,FALSE
blogfisioterapia.com.br,Other,,FALSE
blogjornaldamulher.blogspot.com,Other,,FALSE
blogpolomedico.com.br,Earned Media,Earned Media BR,FALSE
blogueirosdasaude.org.br,Earned Media,Earned Media BR,FALSE
bloomberglinea.com.br,Earned Media,Earned Media BR,FALSE
bloomy.com.br,Other,,FALSE
blu365.com.br,Other,,FALSE
blucher.com.br,Other,,FALSE
bluecrossma.org,Other,,FALSE
bluepointmedgroup.com,Other,,FALSE
bmchrc.org,Other,,FALSE
bmcnews.com.br,Earned Media,Earned Media BR,FALSE
bmfbovespa.com.br,Other,,FALSE
bmhsc.org,Other,,FALSE
bmj.com,Institutions,Institution Global,FALSE
bmtinfonet.org,Institutions,Institution Global,FALSE
boaconsulta.com,Other,,FALSE
boaeboasaude.com.br,Other,,FALSE
boanoticiabrasil.com.br,Earned Media,Earned Media BR,FALSE
boasaude.com.br,Other,,FALSE
bocchiadvogados.com.br,Other,,FALSE
boe.es,Institutions,Institution Global,FALSE
boehringer-ingelheim.com,Other,,FALSE
bogoadvocacia.com.br,Other,,FALSE
boldrini.org.br,Other,,FALSE
boletando.com,Earned Media,Earned Media Global,FALSE
boletimpolitico.com.br,Other,,FALSE
boltpharmacy.co.uk,Other,,FALSE
bomcondutor.pt,Other,,FALSE
bomdiaguarulhos.com.br,Other,,FALSE
bomdiasorocaba.com.br,Other,,FALSE
bonavia.com.br,Other,,FALSE
bonobology.com,Earned Media,Earned Media Global,FALSE
bookdialysis.com,Other,,FALSE
boqnews.com,Earned Media,Earned Media Global,FALSE
borgenproject.org,Institutions,Institution Global,FALSE
bornhealthy.org,Other,,FALSE
botucatuonline.com,Earned Media,Earned Media Global,FALSE
boystownhospital.org,Institutions,Institution Global,FALSE
bp.org.br,Institutions,Institution BR,FALSE
bpno.dk,Other,,FALSE
bps.ac.uk,Institutions,Institution Global,FALSE
bps.gub.uy,Institutions,Institution Global,FALSE
bradescosaudeconvenio.com.br,Other,HCP,FALSE
bradescoseguros.com.br,Other,,FALSE
bradfordhospitals.nhs.uk,Institutions,Institution Global,FALSE
brandessenceresearch.com,Other,,FALSE
brandili.com.br,Other,,FALSE
brasil247.com,Earned Media,Earned Media Global,FALSE
brasilemfolhas.com.br,Earned Media,Earned Media BR,FALSE
brasilforadacaverna.com.br,Other,,FALSE
brasilianeuroclinica.com.br,Other,HCP,FALSE
brasiltec.ind.br,Other,,FALSE
brasiltimes.com.br,Earned Media,Earned Media BR,FALSE
braulioludovico.com.br,Other,HCP,FALSE
brazilfoundation.org,Institutions,Institution Global,FALSE
brazilhealth.com,Earned Media,Earned Media BR,FALSE
brazilianjournals.com.br,Earned Media,Earned Media BR,FALSE
breakoutbiotechstocks.com,Other,,FALSE
breast360.org,Institutions,Institution Global,FALSE
breastcancer.ca,Institutions,Institution Global,FALSE
breastcancer.org,Institutions,Institution Global,FALSE
breastcancer.org.nz,Institutions,Institution Global,FALSE
breastcancercourse.org,Other,,FALSE
breastcancerfoundation.org.nz,Institutions,Institution Global,FALSE
breastcancerhub.org,Other,,FALSE
breastcancernow.org,Institutions,Institution Global,FALSE
breastcancertrials.org.au,Institutions,Institution Global,FALSE
breastnet.nz,Institutions,Institution Global,FALSE
breastoncosurgery.com,Other,,FALSE
brilchamber.org.br,Other,,FALSE
britannica.com,Earned Media,Earned Media Global,FALSE
brjohealth.com,Other,,FALSE
broadcast.com.br,Earned Media,Earned Media BR,FALSE
brterapeutas.com.br,Other,,FALSE
brtrials.com.br,Other,,FALSE
brufen.pt,Other,,FALSE
brunoalvarengamastologista.com,Other,,FALSE
brunocezarino.com.br,Other,,FALSE
brunofarnese.com.br,Other,,FALSE
brunopecanha.com.br,Other,,FALSE
bruzaca.com,Other,,FALSE
bs9.com.br,Earned Media,Earned Media BR,FALSE
bswhealth.com,Other,,FALSE
buenobrandao.adv.br,Other,,FALSE
bula.com.br,Other,,FALSE
bula.gratis,Earned Media,Earned Media Global,FALSE
bulaepreco.com.br,Other,,FALSE
bulas.med.br,Other,,FALSE
bulboraiz.com.br,Other,,FALSE
bumpwellness.com,Other,,FALSE
buoyhealth.com,Other,,FALSE
burocraciazero.com.br,Other,,FALSE
buscadordizerodireito.com.br,Other,,FALSE
buscadorncm.com.br,Other,,FALSE
buscavoluntaria.com.br,Earned Media,Earned Media BR,FALSE
buscopan.com.br,Other,,FALSE
businessinsider.com,Earned Media,Earned Media Global,FALSE
busqueplanodesaude.com.br,Other,HCP,FALSE
butantan.gov.br,Institutions,Institution BR,FALSE
bv.com.br,Other,,FALSE
bvs.br,Institutions,Institution BR,FALSE
bvsalud.org,Institutions,Institution BR,FALSE
bxadvogados.com.br,Other,,FALSE
bxblue.com.br,Other,,FALSE
by.gov.sg,Institutions,Institution Global,FALSE
c3-centroclinicocoimbra.com,Other,,FALSE
c3.ai,Other,,FALSE
c3brandmarketing.com,Other,,FALSE
c3engenharia.com.br,Other,,FALSE
c3gengenharia.com.br,Other,,FALSE
c3saude.com.br,Other,HCP,FALSE
c3technology.com.br,Other,,FALSE
c3telecom.com.br,Other,,FALSE
ca.gov,Institutions,Institution Global,FALSE
cabecaepescocosp.com.br,Other,,FALSE
cabergs.org.br,Other,,FALSE
cabresto.blogspot.com,Other,,FALSE
cachoeirasnews.com,Other,,FALSE
cadenaser.com,Earned Media,Earned Media Global,FALSE
cadernosdepatologiarenal.com.br,Other,,FALSE
cadorim.com.br,Other,,FALSE
cadugazzinelli.com.br,Other,,FALSE
caesegatos.com.br,Other,,FALSE
cafeinclusao.com.br,Other,,FALSE
caily.com,Other,,FALSE
caiubyadvogados.com.br,Other,,FALSE
calameo.com,Other,,FALSE
calcadosnovohamburgo.com.br,Other,,FALSE
calculadora.lol,Earned Media,Earned Media Global,FALSE
calculadorabrasil.com.br,Earned Media,Earned Media BR,FALSE
calculadoracapital.pt,Other,,FALSE
camara.cl,Other,,FALSE
camara.leg.br,Institutions,Institution BR,FALSE
cambridge.org,Institutions,Institution Global,FALSE
cambridgemedia.com.au,Earned Media,Earned Media Global,FALSE
camedseguros.com.br,Other,,FALSE
camhibr.org,Institutions,Institution Global,FALSE
camilahobi.com.br,Other,,FALSE
camilapupe.com.br,Other,,FALSE
camillabruder.com.br,Other,,FALSE
caminhocontraocancer.com.br,Other,,FALSE
caminhosposavc.com.br,Other,,FALSE
campograndenews.com.br,Earned Media,Earned Media BR,FALSE
campusservices.com,Other,,FALSE
canada.ca,Institutions,Institution Global,FALSE
canadiansurgery.com,Other,,FALSE
canal38.com.br,Other,,FALSE
canalconsultapublica.com.br,Earned Media,Earned Media BR,FALSE
canalideal.com.br,Other,,FALSE
canalminassaude.com.br,Other,HCP,FALSE
canalmynews.com.br,Earned Media,Earned Media BR,FALSE
canaltech.com.br,Earned Media,Earned Media BR,FALSE
cancare.org,Institutions,Institution Global,FALSE
cancer.ca,Institutions,Institution Global,FALSE
cancer.fr,Institutions,Institution Global,FALSE
cancer.gov,Institutions,Institution Global,FALSE
cancer.org,Institutions,Institution Global,FALSE
cancer.org.au,Institutions,Institution Global,FALSE
cancer.org.br,Other,,FALSE
cancer.org.in,Institutions,Institution Global,FALSE
canceraustralia.gov.au,Institutions,Institution Global,FALSE
cancercare.org,Institutions,Institution Global,FALSE
cancercareontario.ca,Institutions,Institution Global,FALSE
cancercenter.com,Other,,FALSE
cancercentrum.se,Institutions,Institution Global,FALSE
cancerconnect.com,Other,,FALSE
cancercouncil.com.au,Institutions,Institution Global,FALSE
cancerdemamabrasil.com.br,Earned Media,Earned Media Global,FALSE
cancerexplained.org,Institutions,Institution Global,FALSE
cancerhealth.com,Earned Media,Earned Media Global,FALSE
cancerletter.com,Earned Media,Earned Media Global,FALSE
cancermamametastasico.es,Other,,FALSE
cancernetwork.com,Earned Media,Earned Media Global,FALSE
cancerraro.com,Other,,FALSE
cancerrehabpt.com,Other,,FALSE
cancerresearch.org,Institutions,Institution Global,FALSE
cancerresearchuk.org,Institutions,Institution Global,FALSE
cancerrounds.com,Other,,FALSE
cancersupportcommunity.org,Institutions,Institution Global,FALSE
cancertherapyadvisor.com,Earned Media,Earned Media Global,FALSE
cancertherapyindia.com,Other,,FALSE
cancertodaymag.org,Institutions,Institution Global,FALSE
cancervic.org.au,Institutions,Institution Global,FALSE
cangurunews.com.br,Earned Media,Earned Media BR,FALSE
canjhealthtechnol.ca,Institutions,Institution Global,FALSE
cannabisesaude.com.br,Earned Media,Earned Media BR,FALSE
canopycancercare.co.nz,Other,,FALSE
canrisk.org,Other,,FALSE
cantinhodospais.com,Other,,FALSE
capellux.com.br,Other,,FALSE
capes.gov.br,Institutions,Institution BR,FALSE
capilarmente.com.br,Other,,FALSE
capilclinic.com.br,Other,,FALSE
capillus.com,Other,,FALSE
capitaldopantanal.com.br,Other,,FALSE
caplaw.org,Institutions,Institution Global,FALSE
capobm.org,Other,,FALSE
caprelsa.com,Other,,FALSE
capriatacursos.com.br,Other,,FALSE
caq.com.br,Other,,FALSE
caras.com.br,Earned Media,Earned Media BR,FALSE
caras.pt,Earned Media,Earned Media Global,FALSE
carboneraetomazini.com.br,Other,,FALSE
cardiodavida.pt,Other,,FALSE
cardiodf.com.br,Other,,FALSE
cardiol.br,Institutions,Institution BR,FALSE
cardiologia.pro,Other,,FALSE
cardiologiahmt.com.br,Other,,FALSE
cardiomaster.med.br,Other,,FALSE
cardosoadvocacia.com.br,Other,,FALSE
carecostestimate.com,Other,,FALSE
carehospitals.com,Other,,FALSE
carelonrx.com,Other,,FALSE
caremark.com,Other,,FALSE
careoregon.org,Other,,FALSE
careplus.com.br,Other,,FALSE
caresource.com,Other,,FALSE
carim.org.br,Other,,FALSE
carloscostamarques.com.br,Other,,FALSE
carlosgustavocrippa.com.br,Other,,FALSE
carlosmarcelo.med.br,Other,,FALSE
carlospetto.com.br,Other,,FALSE
carlosportocarrero.com.br,Other,,FALSE
carlucciventura.com.br,Other,,FALSE
carolinamalhone.com.br,Other,,FALSE
carolinecaltabiano.com.br,Other,,FALSE
carolsessanutricionista.com.br,Other,,FALSE
carrefoursolucoes.com.br,Other,,FALSE
carroclub.com.br,Other,,FALSE
cartabranca.com.br,Other,,FALSE
cartacapital.com.br,Earned Media,Earned Media BR,FALSE
cartaoame.com.br,Other,,FALSE
cartaoclivale.com.br,Other,,FALSE
cartaodetodos.com.br,Other,,FALSE
carterethealth.org,Other,,FALSE
cartolano.med.br,Other,,FALSE
carvalhoadvocaciadigital.com.br,Other,,FALSE
carvalhosimoesadv.com,Other,,FALSE
carykaufman.com,Other,,FALSE
casadecuidadointegral.com.br,Other,,FALSE
casadespertar.com.br,Other,,FALSE
casadosdados.com.br,Other,,FALSE
casadurvalpaiva.org.br,Other,,FALSE
casahunter.org.br,Institutions,Institution BR,TRUE
casamagalhaes.com.br,Other,,FALSE
casaninho.org.br,Other,,FALSE
casanorte.com.br,Other,,FALSE
casapino.com.br,Earned Media,Earned Media BR,FALSE
casapsp.com.br,Other,,FALSE
cassems.com.br,Other,,FALSE
cassioandreoni.com.br,Other,,FALSE
catho.com.br,Other,,FALSE
catracalivre.com.br,Earned Media,Earned Media BR,FALSE
causosecausas.com,Other,,FALSE
cbdl.org.br,Other,,FALSE
cbic.org.br,Other,,FALSE
cbnefrodialise.com,Other,,FALSE
cbnribeirao.com.br,Earned Media,Earned Media BR,FALSE
cbr.org.br,Institutions,Institution BR,FALSE
cbris.com.br,Other,,FALSE
cccancer.net,Other,,FALSE
ccci.pt,Other,,FALSE
cccnevada.com,Other,,FALSE
ccfb.com.br,Other,,FALSE
ccgcatalyst.com,Other,,FALSE
ccibelem.com.br,Other,,FALSE
ccih.med.br,Institutions,Institution BR,FALSE
ccjm.org,Institutions,Institution Global,FALSE
ccmr3.com,Other,,FALSE
cconco.com.br,Other,HCP,FALSE
ccontrole.com.br,Other,,FALSE
ccr.med.br,Other,,FALSE
cda-amc.ca,Institutions,Institution Global,FALSE
cdb.com.br,Other,,FALSE
cdbrentals.com,Other,,FALSE
cdc.gov,Institutions,Institution Global,FALSE
cdd.org.br,Institutions,Institution BR,TRUE
cdgbrasil.org,Other,,TRUE
cdgcare.org,Other,,FALSE
cdisalvador.com.br,Other,,FALSE
cdm.med.br,Other,HCP,FALSE
cdpipharma.com.br,Other,,FALSE
cdr.org.br,Other,,FALSE
cdra.com.br,Other,,FALSE
ce.gov.br,Institutions,Institution BR,FALSE
ceambrasil.com.br,Other,,FALSE
cebraspe.org.br,Other,,FALSE
cecanpiracicaba.com.br,Other,,FALSE
cecanrs.com.br,Other,,FALSE
cedars-sinai.org,Institutions,Institution Global,FALSE
cedim.med.br,Other,,FALSE
cedra.com.br,Other,,FALSE
ceferp.com.br,Other,,FALSE
cegboise.com,Other,,FALSE
cejam.org.br,Institutions,Institution BR,FALSE
cell.com,Institutions,Institution Global,FALSE
cellerafarma.com.br,Other,,FALSE
celulamater.com.br,Other,,FALSE
cemoi.com.br,Other,,FALSE
cenatcursos.com.br,Other,,FALSE
cenbrap.edu.br,Other,,FALSE
cenea.com.br,Other,,FALSE
center-ao.com.br,Other,,FALSE
centerforadvancedurology.com,Other,,FALSE
centerwatch.com,Earned Media,Earned Media Global,FALSE
centrainfusao.com.br,Other,,FALSE
centraldeconsultas.med.br,Other,,FALSE
centraldodireito.com.br,Earned Media,Earned Media BR,FALSE
centralsaude.com.br,Other,HCP,FALSE
centredusein-paris.fr,Other,,FALSE
centroafeto.com.br,Other,,FALSE
centrobrasileirodeurologia.com.br,Other,HCP,FALSE
centrodeaneurisma.com.br,Other,,FALSE
centrodecirurgiadigestiva.com.br,Other,,FALSE
centrodecontroldecancer.com,Other,,FALSE
centrodehematologiadovale.com.br,Other,,FALSE
centrodehemodialisedebelem.com.br,Other,,FALSE
centrodeoncologia.com,Other,HCP,FALSE
centrodiagnosticoippocrate.it,Other,,FALSE
centroevolvere.com.br,Other,,FALSE
centrolab.com.co,Other,,FALSE
centromedicoabc.com,Other,,FALSE
centromedicoberrini.com.br,Other,HCP,FALSE
centromedicodias.com.br,Other,HCP,FALSE
centronacionalcuritiba.com.br,Other,,FALSE
centroterapeuticoadonai.com.br,Other,,FALSE
centurymedicaldental.com,Other,,FALSE
ceof.com.br,Other,,FALSE
ceonc.com.br,Other,,FALSE
cerradoemfocodf.com.br,Other,,FALSE
cert.br,Institutions,Institution BR,FALSE
certisign.com.br,Other,,FALSE
cetrus.com.br,Other,,FALSE
cetusoncologia.com.br,Other,,FALSE
cev.org.br,Earned Media,Earned Media BR,FALSE
cfcsyndrome.org,Other,,FALSE
cff.org.br,Institutions,Institution BR,FALSE
cfm-calculator.com,Earned Media,Earned Media Global,FALSE
cfm.org.br,Institutions,Institution BR,FALSE
cfn.org.br,Institutions,Institution BR,FALSE
cfsgroup.com,Other,,FALSE
cfsource.pt,Other,,FALSE
cgd.pt,Other,,FALSE
cgdaa.org,Institutions,Institution Global,FALSE
cgdassociation.org,Other,,FALSE
cgdsociety.org,Other,,FALSE
cglife.com,Other,,FALSE
cgoncology.com,Other,,FALSE
cgpp.pt,Other,,FALSE
cgtcorreosfederal.es,Institutions,Institution Global,FALSE
cgtlive.com,Earned Media,Earned Media Global,FALSE
cgu.gov.br,Institutions,Institution BR,FALSE
cham.org,Other,,FALSE
charlesrosenblatt.com.br,Other,,FALSE
chcrr.org,Institutions,Institution Global,FALSE
checkrare.com,Earned Media,Earned Media Global,FALSE
checkuphospital.com.br,Other,,FALSE
checkupmedicina.com.br,Other,,FALSE
chegg.com,Other,,FALSE
chegouagora.com.br,Earned Media,Earned Media BR,FALSE
chemocare.com,Institutions,Institution Global,FALSE
chemoexperts.com,Institutions,Institution Global,FALSE
chequeado.com,Institutions,Institution Global,FALSE
cheshireandmerseyside.nhs.uk,Institutions,Institution Global,FALSE
cheshireformulary.nhs.uk,Institutions,Institution Global,FALSE
chi.gov.sa,Institutions,Institution Global,FALSE
chiefsgroup.com.br,Other,,FALSE
chikd.org,Institutions,Institution Global,FALSE
childhood-cancer-support.com,Other,,FALSE
childkidneycare.in,Other,,FALSE
childmuscleweakness.org,Other,,FALSE
childneurologyfoundation.org,Institutions,Institution Global,FALSE
childrens.com,Institutions,Institution Global,FALSE
childrensal.org,Institutions,Institution Global,FALSE
childrenscolorado.org,Institutions,Institution Global,FALSE
childrensdayton.org,Other,,FALSE
childrensdmc.org,Other,,FALSE
childrenshospital.org,Institutions,Institution Global,FALSE
childrensmn.org,Institutions,Institution Global,FALSE
childrensnational.org,Other,,FALSE
chileancobaltcorp.com,Other,,FALSE
chiptronic.com.br,Other,,FALSE
chla.org,Institutions,Institution Global,FALSE
chniteroi.com.br,Other,,FALSE
cho.med.br,Other,,FALSE
chocairmedicos.com.br,Other,HCP,FALSE
choicescomunicacao.com.br,Other,,FALSE
choosept.com,Institutions,Institution Global,FALSE
chop.edu,Institutions,Institution Global,FALSE
chordomafoundation.org,Institutions,Institution Global,FALSE
chpw.org,Other,,FALSE
chrichmond.org,Other,,FALSE
christie.nhs.uk,Institutions,Institution Global,FALSE
christopherreeve.org,Institutions,Institution Global,FALSE
chronic-kidney-disease.net,Earned Media,Earned Media Global,FALSE
chru-strasbourg.fr,Institutions,Institution Global,FALSE
cht.nhs.uk,Institutions,Institution Global,FALSE
chu-montpellier.fr,Institutions,Institution Global,FALSE
chusj.org,Institutions,Institution Global,FALSE
chuv.ch,Institutions,Institution Global,FALSE
ciadoexerciciohigienopolis.com.br,Other,,FALSE
ciberjornal.com.br,Other,,FALSE
cibpt.org,Other,,FALSE
cicloceap.com.br,Other,,FALSE
ciconvs.com.br,Other,,FALSE
cid10brasil.com.br,Other,,FALSE
cidadesnocontroledocancer.org.br,Other,,FALSE
cidesp.com.br,Earned Media,Earned Media BR,FALSE
cienciaesaudecoletiva.com.br,Institutions,Institution BR,FALSE
cienciahoje.org.br,Earned Media,Earned Media BR,FALSE
cienciaviva.org.br,Other,,FALSE
cientistasdescobriramque.com,Other,,FALSE
cifor-icraf.org,Institutions,Institution Global,FALSE
cigam.com.br,Other,,FALSE
cigna.com,Other,,FALSE
cilianetwork.org.uk,Other,,FALSE
cimrad.com.br,Other,,FALSE
cincinnatichildrens.org,Institutions,Institution Global,FALSE
cincinnatikidneydocs.com,Other,,FALSE
cinj.org,Institutions,Institution Global,FALSE
cintramedica.pt,Other,,FALSE
cionc.com.br,Other,,FALSE
cioncancerclinics.com,Other,,FALSE
cipac.com.br,Other,,FALSE
cipes.com.br,Other,,FALSE
circuitodecorridaunimed.com.br,Other,,FALSE
circulosaude.com.br,Other,,FALSE
cirurgiacoracao.com.br,Earned Media,Earned Media BR,FALSE
cirurgiadecancer.com.br,Earned Media,Earned Media BR,FALSE
cirurgiaoncologica.com.br,Other,,FALSE
cirurgiaplastica.org.br,Other,,FALSE
cirurgiatoracicadovale.com.br,Other,,FALSE
cisamusep.org.br,Other,,FALSE
cisco.com,Other,,FALSE
citogem.com.br,Other,,FALSE
citroen-autocenter-chemnitz.de,Other,,FALSE
citroen-club.it,Other,,FALSE
citroen.com,Other,,FALSE
citroen.com.br,Other,,FALSE
cityofhope.org,Institutions,Institution Global,FALSE
civiam.com.br,Other,,FALSE
ckbhospital.com,Other,,FALSE
ckd-ce.com,Other,,FALSE
ckhealthturkey.com,Other,,FALSE
clarivate.com,Other,,FALSE
claudiobonduki.com.br,Other,,FALSE
claudiopessoa.com.br,Other,,FALSE
clevelandclinic.org,Institutions,Institution Global,FALSE
clickguarulhos.com.br,Other,,FALSE
clicksaude.com.br,Other,,FALSE
clicouconsulta.com.br,Other,,FALSE
clicrbs.com.br,Earned Media,Earned Media BR,FALSE
clicrdc.com.br,Earned Media,Earned Media BR,FALSE
climt.com.br,Other,,FALSE
clincer.com.br,Other,,FALSE
clinicaacessosaude.com.br,Other,HCP,FALSE
clinicaalemana.cl,Other,,FALSE
clinicaalmere.com.br,Other,HCP,FALSE
clinicaamef.com.br,Other,HCP,FALSE
clinicaanapaulacosta.com.br,Other,,FALSE
clinicaandradesadalla.com.br,Other,HCP,FALSE
clinicaanjosdavida.com.br,Other,,FALSE
clinicaantonini.com.br,Other,,FALSE
clinicaatrios.com.br,Other,HCP,FALSE
clinicabelize.com,Other,,FALSE
clinicabellit.com.br,Other,HCP,FALSE
clinicabigdoctor.com.br,Other,HCP,FALSE
clinicabudel.com.br,Other,,FALSE
clinicacemep.com.br,Other,,FALSE
clinicacentraldopara.com.br,Other,HCP,FALSE
clinicaceu.com.br,Other,HCP,FALSE
clinicaclep.com.br,Other,HCP,FALSE
clinicacmp.com.br,Other,,FALSE
clinicacoolmeia.com.br,Other,HCP,FALSE
clinicacorpoarte.com.br,Other,,FALSE
clinicacoser.com,Other,,FALSE
clinicacrippa.com.br,Other,HCP,FALSE
clinicacroce.com.br,Other,HCP,FALSE
clinicadafamiliadf.com.br,Other,,FALSE
clinicadaiaventurieri.com.br,Other,HCP,FALSE
clinicadamulherdf.com.br,Other,,FALSE
clinicadefina.com.br,Other,HCP,FALSE
clinicademastologia.com,Other,,FALSE
clinicaderecuperacaosinais.com.br,Other,HCP,FALSE
clinicadermacatarina.com.br,Other,HCP,FALSE
clinicadominique.com.br,Other,,FALSE
clinicadoppio.com.br,Other,HCP,FALSE
clinicadorim.pt,Other,,FALSE
clinicadorimrs.com.br,Other,HCP,FALSE
clinicadorimrv.com.br,Other,HCP,FALSE
clinicadresau.com.br,Other,HCP,FALSE
clinicadrminuto.com.br,Other,HCP,FALSE
clinicaenne.com.br,Other,HCP,FALSE
clinicafema.com.br,Other,HCP,FALSE
clinicafemini.com.br,Other,,FALSE
clinicafertilidadgaia.com,Other,,FALSE
clinicafollicles.com.br,Other,HCP,FALSE
clinicafortius.com.br,Other,,FALSE
clinicafrater.com.br,Other,HCP,FALSE
clinicagabrielli.com.br,Other,HCP,FALSE
clinicagastroimagem.com.br,Other,,FALSE
clinicagenics.com,Other,,FALSE
clinicagoncalves.com,Other,,FALSE
clinicahabib.com.br,Other,HCP,FALSE
clinicaideal.com,Other,,FALSE
clinicaimed.com.br,Other,,FALSE
clinicajdk.com.br,Other,,FALSE
clinical-database.com,Earned Media,Earned Media Global,FALSE
clinicaladvisor.com,Earned Media,Earned Media Global,FALSE
clinicalascondes.cl,Other,,FALSE
clinicaliberta.com.br,Other,HCP,FALSE
clinicalifeworking.com.br,Other,HCP,FALSE
clinicalividi.com.br,Other,HCP,FALSE
clinicalresearch.com,Other,,FALSE
clinicaltrials.eu,Other,,FALSE
clinicaltrials.gov,Institutions,Institution Global,FALSE
clinicaltrialsarena.com,Earned Media,Earned Media Global,FALSE
clinicaltrialsregister.eu,Institutions,Institution Global,FALSE
clinicaltrialvanguard.com,Earned Media,Earned Media Global,FALSE
clinicalucidioportella.com.br,Other,,FALSE
clinicaludens.com.br,Other,HCP,FALSE
clinicaludvig.com.br,Other,HCP,FALSE
clinicalusoespanhola.com,Other,,FALSE
clinicamao.com.br,Other,HCP,FALSE
clinicamazer.com.br,Other,HCP,FALSE
clinicamedicaanima.com.br,Other,HCP,FALSE
clinicamedicacor.com.br,Other,HCP,FALSE
clinicamedicadoporto.pt,Other,,FALSE
clinicamelovascular.com.br,Other,HCP,FALSE
clinicamg.com.br,Other,HCP,FALSE
clinicamontserrat.com.br,Other,HCP,FALSE
clinicamulher.com,Other,,FALSE
clinicanefroclass.com.br,Other,HCP,FALSE
clinicaneofoco.com,Other,,FALSE
clinicaoitavarosado.com.br,Other,HCP,FALSE
clinicaoncoreab.com,Other,,FALSE
clinicaotorrinocenter.med.br,Other,HCP,FALSE
clinicaparafamilia.com.br,Other,HCP,FALSE
clinicaplena.com.br,Other,,FALSE
clinicapopularfortaleza.com.br,Other,,FALSE
clinicapopularmaissaude.med.br,Other,HCP,FALSE
clinicaportoazul.com,Other,,FALSE
clinicapronatus.com.br,Other,HCP,FALSE
clinicaprorim.com.br,Other,HCP,FALSE
clinicapulsus.com.br,Other,,FALSE
clinicaredemaissaude.com.br,Other,HCP,FALSE
clinicareichow.com.br,Other,,FALSE
clinicarenalmais.com.br,Other,HCP,FALSE
clinicarenasce.com.br,Other,HCP,FALSE
clinicarim.com.br,Other,HCP,FALSE
clinicarlpandini.com.br,Other,HCP,FALSE
clinicarosaemelo.com.br,Other,HCP,FALSE
clinicarubensdoval.com.br,Other,,FALSE
clinicarx.com.br,Other,HCP,FALSE
clinicasabbag.com.br,Other,HCP,FALSE
clinicasales.com.br,Other,,FALSE
clinicasalute.com.br,Other,HCP,FALSE
clinicasantaluzia.com,Other,,FALSE
clinicasim.com,Other,,FALSE
clinicasoma.com.br,Other,HCP,FALSE
clinicasonne.com.br,Other,HCP,FALSE
clinicasou.com.br,Other,HCP,FALSE
clinicasou.med.br,Other,,FALSE
clinicaspedrochoy.com,Other,,FALSE
clinicasperanza.com.br,Other,HCP,FALSE
clinicastamaria.com.br,Other,,FALSE
clinicasulmineiratomosul.com.br,Other,,FALSE
clinicauni.com.br,Other,HCP,FALSE
clinicaurominas.com,Other,,FALSE
clinicauroonco.com.br,Other,HCP,FALSE
clinicavirtualcare.com,Other,,FALSE
clinicaviver.com,Other,,FALSE
clinicaviversm.com.br,Other,HCP,FALSE
clinicavizon.com.br,Other,HCP,FALSE
clinicawajman.com.br,Other,,FALSE
clinicazanaga.com.br,Other,HCP,FALSE
clinicazequi.com,Other,,FALSE
clinicazignani.com.br,Other,HCP,FALSE
clinicazucchi.com.br,Other,HCP,FALSE
clinicbarcelona.org,Institutions,Institution Global,FALSE
clinician.com,Other,,FALSE
clinifemina.com.br,Other,,FALSE
clinion.med.br,Other,,FALSE
clinionco.com.br,Other,,FALSE
clinique-med.com,Other,,FALSE
cliniquelesoliviers.net,Other,,FALSE
clinirimflorianopolis.com.br,Other,,FALSE
clinlabnavigator.com,Other,,FALSE
clinonco.com.br,Other,,FALSE
clinoson.com.br,Other,,FALSE
clinpgx.org,Institutions,Institution Global,FALSE
clinpharm-journal.ru,Other,,FALSE
clinprosaude.com.br,Other,HCP,FALSE
clipping.com.br,Other,,FALSE
cliquefarma.com.br,Earned Media,Earned Media BR,FALSE
clium.org.uk,Other,,FALSE
clival.com,Other,,FALSE
clube-do-papiro.com.br,Other,,FALSE
clubedecamposorocaba.com.br,Other,,FALSE
clubedovalor.com.br,Other,,FALSE
clude.com.br,Other,,FALSE
cm-montemorvelho.pt,Other,,FALSE
cmabr.org,Other,,FALSE
cmeded.com,Earned Media,Earned Media Global,FALSE
cmhmedicinahospitalar.com.br,Other,,FALSE
cmm.com.pt,Other,,FALSE
cmmartins.com.br,Other,,FALSE
cmneph.com,Other,,FALSE
cms.gov,Institutions,Institution Global,FALSE
cncb.med.br,Other,,FALSE
cncv.pt,Other,,FALSE
cnj.jus.br,Institutions,Institution BR,FALSE
cnm.org.br,Institutions,Institution BR,FALSE
cnn.com,Earned Media,Earned Media Global,FALSE
cnnbrasil.com.br,Earned Media,Earned Media BR,FALSE
cnpma.org.pt,Other,,FALSE
cns-hd.com.br,Other,,FALSE
cnvw.com.br,Other,,FALSE
cobli.co,Other,,FALSE
cobrefacil.com.br,Other,,FALSE
cocal.com.br,Other,,FALSE
cochrane.org,Institutions,Institution Global,FALSE
cochranelibrary.com,Institutions,Institution Global,FALSE
code3servicesllc.com,Other,,FALSE
codmunity.gg,Earned Media,Earned Media Global,FALSE
coe.com.br,Other,,FALSE
coegoiania.com.br,Other,,FALSE
cofen.gov.br,Institutions,Institution BR,FALSE
cognijus.com,Other,,FALSE
colaboragpa.com.br,Other,,FALSE
colaboraread.com.br,Other,,FALSE
colaborecomofuturo.com,Other,,FALSE
coldcap.com,Other,,FALSE
colegiofarmaceutico.cl,Institutions,Institution Global,FALSE
coletiva.net,Earned Media,Earned Media Global,FALSE
coletivopink.com,Other,,FALSE
colonoscopia.net.br,Other,,FALSE
colostate.edu,Institutions,Institution Global,FALSE
colpachealth.org,Other,,FALSE
columbia.edu,Institutions,Institution Global,FALSE
columbiadoctors.org,Other,,FALSE
comdinheirosempre.com,Earned Media,Earned Media Global,FALSE
comdora-sbn.org.br,Other,,FALSE
comgas.com.br,Other,,FALSE
commercesuite.com.br,Other,,FALSE
commonwealthcarealliance.org,Other,,FALSE
comobloquearsite.com,Other,,FALSE
comoconseguirpelosus.com.br,Other,,FALSE
companyhero.com,Other,,FALSE
compareplanodesaude.com.br,Other,,FALSE
compassoncology.com,Other,,FALSE
compcure.org,Institutions,Institution Global,FALSE
complexoprovida.com,Other,,FALSE
comportese.com,Other,,FALSE
comprehensive-urology.com,Other,,FALSE
comuniceventos.com.br,Other,,FALSE
comunidad.madrid,Institutions,Institution Global,FALSE
conaesbrasil.com.br,Other,,FALSE
conasems.org.br,Other,,FALSE
conass.org.br,Institutions,Institution BR,FALSE
concebrp.com.br,Other,,FALSE
conceito.de,Earned Media,Earned Media Global,FALSE
conceive.ca,Other,,FALSE
conectamedico.com.br,Other,HCP,FALSE
conectasbemsp.com.br,Other,,FALSE
conectasc.com.br,Earned Media,Earned Media BR,FALSE
conectgene.com,Other,,FALSE
conexaoanticancer.com.br,Other,,FALSE
conexaoto.com.br,Earned Media,Earned Media BR,FALSE
conexaotv.com,Other,,FALSE
conexasaude.com.br,Other,,FALSE
confiance.com.br,Other,,FALSE
congressoemfoco.com.br,Earned Media,Earned Media BR,FALSE
congressonacional.leg.br,Other,,FALSE
congressonefro.com.br,Other,HCP,FALSE
congressosboc.com.br,Other,,FALSE
conic-semesp.org.br,Other,,FALSE
conicet.gov.ar,Institutions,Institution Global,FALSE
conjur.com.br,Earned Media,Earned Media BR,FALSE
conpedi.org.br,Institutions,Institution BR,FALSE
conquer-magazine.com,Earned Media,Earned Media Global,FALSE
conradomenegola.com.br,Other,,FALSE
consejodelhierro.es,Earned Media,Earned Media Global,FALSE
consensocancermamario.com,Institutions,Institution Global,FALSE
consensus.app,Other,,FALSE
consultacred.com.br,Earned Media,Earned Media BR,FALSE
consultant360.com,Earned Media,Earned Media Global,FALSE
consultaremedios.com.br,Other,,FALSE
consulteumurologista.com,Other,,FALSE
consultibrasil.com.br,Other,,FALSE
consultoriojuridico.com.br,Other,HCP,FALSE
consultorioneuromuscular.com.br,Other,HCP,FALSE
consultoriosvitale.com.br,Other,HCP,FALSE
consultorsalud.com,Earned Media,Earned Media Global,FALSE
consultorsalud.com.mx,Earned Media,Earned Media Global,FALSE
consultsystemgs.com.br,Other,,FALSE
consumidorrs.com.br,Other,,FALSE
consumoempauta.com.br,Earned Media,Earned Media BR,FALSE
contabeis.com.br,Earned Media,Earned Media BR,FALSE
contabilizei.com.br,Other,,FALSE
contacto.lu,Earned Media,Earned Media Global,FALSE
contadoremcampinas.com.br,Other,,FALSE
contec.org.br,Institutions,Institution BR,FALSE
contemporaryobgyn.net,Earned Media,Earned Media Global,FALSE
contemporarypediatrics.com,Earned Media,Earned Media Global,FALSE
contentstack.com,Other,,FALSE
conteudoautoinsp.com.br,Other,,FALSE
continentalhospitals.com,Other,,FALSE
contractpharma.com,Earned Media,Earned Media Global,FALSE
contraelcancer.es,Institutions,Institution Global,FALSE
controledebolso.com.br,Other,,FALSE
convatec.com,Other,,FALSE
conveniosocial.com.br,Other,,FALSE
conveniounimedseguros.com.br,Other,,FALSE
convergenceseditorial.com.br,Institutions,Institution BR,FALSE
convivio.org.br,Other,,FALSE
coopluiza.com.br,Other,,FALSE
copass-saude.com.br,Other,HCP,FALSE
copingmag.com,Earned Media,Earned Media Global,FALSE
corasenior.com.br,Other,,FALSE
corb.med.br,Other,,FALSE
cordeiroadvogados.adv.br,Other,,FALSE
coren-mt.gov.br,Other,,FALSE
corenms.gov.br,Institutions,Institution BR,FALSE
corensc.gov.br,Other,,FALSE
coreus.com.br,Earned Media,Earned Media BR,FALSE
cornwall.nhs.uk,Institutions,Institution Global,FALSE
corpoemciclo.com,Other,,FALSE
correadasilvamartins.com.br,Other,,FALSE
corredor5.art,Other,,FALSE
correio24horas.com.br,Earned Media,Earned Media BR,FALSE
correiobraziliense.com.br,Earned Media,Earned Media BR,FALSE
correiocentral.com.br,Other,,FALSE
correiodamanha.com.br,Earned Media,Earned Media BR,FALSE
correiodamanhacanada.com,Other,,FALSE
correiodelagos.com,Earned Media,Earned Media Global,FALSE
correiodoestado.com.br,Earned Media,Earned Media BR,FALSE
correiodopovo.com.br,Earned Media,Earned Media BR,FALSE
correiodosmunicipios-al.com.br,Earned Media,Earned Media BR,FALSE
correioweb.com.br,Earned Media,Earned Media BR,FALSE
cosemsba.org.br,Other,,FALSE
cosemsms.org.br,Other,,FALSE
cosemspb.org,Other,,FALSE
cosemssc.org.br,Other,,FALSE
cosemssp.org.br,Other,,FALSE
cosmeticsonline.com.br,Earned Media,Earned Media BR,FALSE
costaqueirozadvogados.com.br,Other,,FALSE
cotamedicamentos.com.br,Other,,FALSE
cotriguacu.com.br,Other,,FALSE
counterforcehealth.org,Other,,FALSE
couragetohealtherapy.com,Other,,FALSE
cpaqv.org,Other,,FALSE
cqcs.com.br,Earned Media,Earned Media BR,FALSE
crcr-chua.pt,Other,,FALSE
creative-biolabs.com,Other,,FALSE
creci-sc.gov.br,Institutions,Institution BR,FALSE
crefito1.org.br,Other,,FALSE
crefito8.gov.br,Other,,FALSE
crefono1.gov.br,Other,,FALSE
cremerj.org.br,Other,,FALSE
cremesp.gov.br,Other,,FALSE
cremesp.org.br,Other,,FALSE
cresol.com.br,Other,,FALSE
crf-rj.org.br,Institutions,Institution BR,FALSE
crf-ro.org.br,Other,,FALSE
crfce.org.br,Other,,FALSE
crfgo.org.br,Institutions,Institution BR,FALSE
crfmt.org.br,Other,,FALSE
crfpara.org.br,Institutions,Institution BR,FALSE
crfpb.org.br,Other,,FALSE
crfsp.org.br,Institutions,Institution BR,FALSE
criarpediatria.com.br,Other,HCP,FALSE
criobella.com,Other,,FALSE
criovida.com.br,Other,,FALSE
criscancer.org,Institutions,Institution Global,FALSE
cristianecosta.com.br,Other,,FALSE
criviam.com.br,Other,,FALSE
crmap.org.br,Other,,FALSE
crmma.org.br,Institutions,Institution BR,FALSE
crmpb.org.br,Institutions,Institution BR,FALSE
crmpr.org.br,Other,,FALSE
crn1.com.br,Earned Media,Earned Media BR,FALSE
cro-rj.org.br,Other,,FALSE
crohnetcolite.ca,Institutions,Institution Global,FALSE
cromaoncologia.com.br,Other,,FALSE
cronnica.com,Other,,FALSE
crownwigs.com.br,Other,,FALSE
crp03.org.br,Institutions,Institution BR,FALSE
crq7.gov.br,Other,,FALSE
crsmed.com.tr,Other,,FALSE
crstoday.com,Earned Media,Earned Media Global,FALSE
crtrsp.org.br,Other,,FALSE
cruzeirodosuleducacional.edu.br,Other,,FALSE
crvimagem.com.br,Other,,FALSE
csaudeboavista.com,Other,,FALSE
csbrasilservicos.com.br,Other,,FALSE
csgfuture.com,Other,,FALSE
ctcan.com.br,Other,,FALSE
ctctech.com.br,Other,,FALSE
ctel.org.br,Other,,FALSE
ctg.com,Other,,FALSE
ctgbr.com.br,Other,,FALSE
ctgfederal.com,Other,,FALSE
ctn.com.br,Other,,FALSE
ctopetropolis.com.br,Other,,FALSE
cts5-calculator.com,Other,,FALSE
cuadernoseducacion.com,Institutions,Institution Global,FALSE
cuanschutz.edu,Institutions,Institution Global,FALSE
cuf.pt,Other,,FALSE
cuh.nhs.uk,Institutions,Institution Global,FALSE
cuidadospelavida.com.br,Other,,FALSE
cuidamosjuntos.com.br,Other,,FALSE
cuidarbemcard.com.br,Other,,FALSE
cuidarmaispfizer.com.br,Other,,FALSE
cukiert.com.br,Other,,FALSE
cun.es,Institutions,Institution Global,FALSE
cura4u.com,Other,,FALSE
curame.org.mx,Other,,FALSE
curaprox.pt,Other,,FALSE
curem.com.br,Other,,FALSE
curesma.ca,Institutions,Institution Global,FALSE
curesma.org,Institutions,Institution Global,FALSE
curetoday.com,Earned Media,Earned Media Global,FALSE
cureus.com,Institutions,Institution Global,FALSE
curiecanceryejercicio.es,Other,,FALSE
curitiba.org.br,Institutions,Institution BR,FALSE
cursaueducacao.com.br,Other,,FALSE
cursosiname.com.br,Other,,FALSE
customer-oci.com,Other,,FALSE
cut.org.br,Institutions,Institution BR,FALSE
cvs.com,Other,,FALSE
cxpass.net,Other,,FALSE
cybermed.hr,Other,,FALSE
cybersecbrazil.com.br,Other,,FALSE
cynthiasimoesnefrologia.com.br,Other,HCP,FALSE
d-nb.info,Institutions,Institution Global,FALSE
d24am.com,Earned Media,Earned Media Global,FALSE
d3g.com,Other,,FALSE
daiichi-sankyo.co.uk,Other,,FALSE
daiichisankyo.com.br,Other,,FALSE
dailymotion.com,Social,,FALSE
dailypharm.com,Earned Media,Earned Media Global,FALSE
dallasrenalgroup.com,Other,,FALSE
dana-farber.org,Institutions,Institution Global,FALSE
danaher.com,Other,,FALSE
danamed.com.br,Other,,FALSE
danielhampl.com.br,Other,,FALSE
danielrufatto.com.br,Other,,FALSE
danilonefropediatra.com.br,Other,HCP,FALSE
danonenutricia.com.br,Other,,FALSE
dantelabs.com,Other,,FALSE
daquidali.com.br,Earned Media,Earned Media BR,FALSE
darwynhealth.com,Earned Media,Earned Media Global,FALSE
dasa.com.br,Other,,FALSE
dasagenomica.com,Other,,FALSE
databridgemarketresearch.com,Other,,FALSE
datalegis.net,Other,,FALSE
datasus.gov.br,Institutions,Institution BR,FALSE
davileaoadvogados.com.br,Other,,FALSE
davita.com,Other,,FALSE
davita.com.br,Other,,FALSE
davita.pt,Other,,FALSE
daytraders.com,Other,,FALSE
dbmolecular.com.br,Other,,FALSE
dbtoxicologico.com.br,Other,,FALSE
dcatvci.org,Earned Media,Earned Media Global,FALSE
dciencia.es,Other,,FALSE
dddets.org,Other,,FALSE
ddhub.com.br,Other,,FALSE
ddw-online.com,Earned Media,Earned Media Global,FALSE
debatejuridico.com.br,Other,,FALSE
deboracarmo.com.br,Other,,FALSE
deborajannuzzi.com.br,Other,,FALSE
deborarecchi.com.br,Other,,FALSE
decathlon.pt,Other,,FALSE
decea.mil.br,Other,,FALSE
deciomion.com.br,Other,HCP,FALSE
deeeta.ru,Other,,FALSE
degruyter.com,Institutions,Institution Global,FALSE
deixevivo.org.br,Other,,FALSE
delgadoazevedo.com.br,Other,,FALSE
delveinsight.com,Other,,FALSE
demarest.com.br,Other,,FALSE
democrata.es,Earned Media,Earned Media Global,FALSE
dengyuemed.com,Other,,FALSE
dentalspeed.com,Other,,FALSE
denverfamilycounselingservices.com,Other,,FALSE
denverurology.com,Other,,FALSE
deondmiddlebrookmdpc.com,Other,,FALSE
deputadoalisson.com.br,Other,,FALSE
der-niedergelassene-arzt.de,Earned Media,Earned Media Global,FALSE
derbimagem.com.br,Other,,FALSE
derecho.com,Other,,FALSE
dermaclub.com.br,Other,,FALSE
dermage.pt,Other,,FALSE
dermatologia.net,Other,,FALSE
dermatologiaesaude.com.br,Earned Media,Earned Media BR,FALSE
dermatopele.com.br,Other,,FALSE
descomplica.com.br,Other,,FALSE
desenvolvesp.com.br,Institutions,Institution BR,FALSE
deviante.com.br,Other,,FALSE
df.gov.br,Institutions,Institution BR,FALSE
dgabc.com.br,Earned Media,Earned Media BR,FALSE
dgfn.eu,Other,,FALSE
dgft.nhs.uk,Institutions,Institution Global,FALSE
dgrj.com.br,Earned Media,Earned Media BR,FALSE
dgsi.pt,Institutions,Institution Global,FALSE
dhanbadurologist.com,Other,,FALSE
dhsprogram.com,Institutions,Institution Global,FALSE
di2ce.com,Earned Media,Earned Media Global,FALSE
diabetes.org.br,Institutions,Institution BR,FALSE
diabetes365.pt,Earned Media,Earned Media Global,FALSE
diabetesjournals.org,Institutions,Institution Global,FALSE
diagevet.com.br,Other,,FALSE
diagmed.com.br,Other,,FALSE
diagnosesti.com.br,Other,,FALSE
diagnosticosclara.com.br,Other,,FALSE
diagnosticosdobrasil.com.br,Other,,FALSE
diamonddiagnostics.com,Other,,FALSE
diamundialdorim.org.br,Other,,FALSE
diariodaregiao.com.br,Earned Media,Earned Media BR,FALSE
diariodarepublica.pt,Institutions,Institution Global,FALSE
diariodoaco.com.br,Other,,FALSE
diariodocentrodomundo.com.br,Earned Media,Earned Media BR,FALSE
diariodocomercio.com.br,Earned Media,Earned Media BR,FALSE
diariodolitoral.com.br,Earned Media,Earned Media BR,FALSE
diarioinduscom.com.br,Earned Media,Earned Media BR,FALSE
diariolasamericas.com,Earned Media,Earned Media Global,FALSE
diariomedico.pe,Earned Media,Earned Media Global,FALSE
diariomsnews.com.br,Earned Media,Earned Media BR,FALSE
diariopcd.com.br,Earned Media,Earned Media BR,FALSE
diariosulmaranhense.com.br,Earned Media,Earned Media BR,FALSE
diasribeiroadvocacia.com.br,Other,,FALSE
diaverum.com.br,Other,,FALSE
diaverum.pt,Other,,FALSE
dica33.it,Earned Media,Earned Media Global,FALSE
dicamedica.com.br,Other,HCP,FALSE
dicasdegravidez.com,Other,,FALSE
dicasdemulher.com.br,Earned Media,Earned Media BR,FALSE
dicasdeplanodesaude.com.br,Other,HCP,FALSE
dice.com,Other,,FALSE
dicio.com.br,Other,,FALSE
dicionariodebase.com.br,Other,,FALSE
diciteca.com,Other,,FALSE
diegopaiva.com,Other,,FALSE
dietbox.me,Other,,FALSE
digitaloceanspaces.com,Other,,FALSE
digitalplane.com.br,Other,,FALSE
diibrasil.org.br,Institutions,Institution BR,FALSE
dikajob.com.br,Social,,FALSE
dimedcs.com.br,Other,,FALSE
dimen.com.br,Other,,FALSE
dindincred.com.br,Other,,FALSE
dinheironodiaadia.com,Other,,FALSE
dinheirorural.com.br,Earned Media,Earned Media BR,FALSE
diogobugano.com.br,Other,,FALSE
diplomatique.org.br,Other,,FALSE
dirceudalpino.com.br,Other,,FALSE
direitodasaudemedico.com.br,Other,,FALSE
direitopenalbrasileiro.com.br,Other,,FALSE
direitosaude.com,Other,,FALSE
diseasefix.com,Earned Media,Earned Media Global,FALSE
diseasemaps.org,Social,,FALSE
distribuidoracristal.com.br,Other,,FALSE
distrofiabrasil.org.br,Other,,FALSE
ditacuja.com,Other,,FALSE
ditki.com,Other,,FALSE
diva.al,Other,,FALSE
diversa.org.br,Other,,FALSE
dle.com.br,Other,,FALSE
dmdwarrior.com,Earned Media,Earned Media Global,FALSE
dmsburnier.com.br,Other,,FALSE
dnaconsult.com.br,Other,,FALSE
doaj.org,Institutions,Institution Global,FALSE
docecuidar.com.br,Other,,FALSE
docplacepro.com.br,Other,,FALSE
doctaforum.com,Other,,FALSE
doctorabad.com,Other,,FALSE
doctoralia.co,Other,,FALSE
doctoralia.com.br,Other,,FALSE
doctorguideonline.com,Earned Media,Earned Media Global,FALSE
doctorpro.pl,Other,,FALSE
doctorshoes.com.br,Other,,FALSE
doctorumc.com,Other,,FALSE
doctoruro.com.br,Other,,FALSE
doctronic.ai,Other,,FALSE
docwirenews.com,Earned Media,Earned Media Global,FALSE
doda.jp,Other,,FALSE
doeganhe.com.br,Other,,FALSE
doencadealzheimer.com.br,Other,,FALSE
doencarenal.com.br,Other,HCP,FALSE
doencasdofigado.com.br,Other,,FALSE
doh.gov.ae,Institutions,Institution Global,FALSE
doi.org,Institutions,Institution Global,FALSE
doisamaisfarma.com.br,Earned Media,Earned Media BR,FALSE
doity.com.br,Other,,FALSE
dokumen.pub,Social,,FALSE
dol.com.br,Earned Media,Earned Media BR,FALSE
doloresfabra.com.br,Other,,FALSE
domingosketelbey.com.br,Other,,FALSE
donahelena.com.br,Other,,FALSE
donem.com.br,Other,,FALSE
donsaude.com.br,Other,HCP,FALSE
doorinworld.ru,Other,,FALSE
doralhw.org,Other,,FALSE
dorayslis.com,Other,,FALSE
dorcronica.blog.br,Other,,FALSE
dorflex.com.br,Other,,FALSE
doseway.com,Other,,FALSE
dotlib.com,Other,,FALSE
dourocentromedico.pt,Other,,FALSE
doutora-cegonha.com,Earned Media,Earned Media Global,FALSE
doutoranathalia.com.br,Other,,FALSE
doutorfinancas.pt,Other,,FALSE
doutorinss.com,Other,,FALSE
doutormultas.com.br,Other,,FALSE
doutornuberto.com.br,Other,,FALSE
doutorsabas.com.br,Other,,FALSE
dovepress.com,Institutions,Institution Global,FALSE
dozeporoito.com,Other,,FALSE
dpgpsifpm.com.br,Other,,FALSE
dpu.def.br,Other,,FALSE
dr-adem.org,Other,HCP,FALSE
dr-perroni.com,Other,HCP,FALSE
dr-zeitoun.fr,Other,HCP,FALSE
dr.net.br,Other,HCP,FALSE
draalianaferreira.com.br,Other,HCP,FALSE
draalineborges.com.br,Other,HCP,FALSE
draamandasoeiro.com.br,Other,HCP,FALSE
draanacardoso.com.br,Other,HCP,FALSE
draanacarolinacarvalho.com.br,Other,HCP,FALSE
draanacarolinasalles.com.br,Other,HCP,FALSE
draanaelisajorge.com,Other,HCP,FALSE
draanagabrielascuoghi.com.br,Other,HCP,FALSE
draanakemp.com.br,Other,HCP,FALSE
draanaludimila.com.br,Other,HCP,FALSE
draanateresadelucia.com.br,Other,HCP,FALSE
draandreanutrologia.com.br,Other,HCP,FALSE
draanezkaferrari.com.br,Other,HCP,FALSE
drabeatrizcarneiro.com.br,Other,HCP,FALSE
drabeatrizgoncalves.com.br,Other,HCP,FALSE
draberenicecunhawilke.com.br,Other,HCP,FALSE
drabiancamacedo.com.br,Other,HCP,FALSE
drabrunarodrigues.com.br,Other,HCP,FALSE
dracamilamacedo.com,Other,HCP,FALSE
dracamilapoccetti.com.br,Other,HCP,FALSE
dracarlabortoloto.com.br,Other,HCP,FALSE
dracarolinafeitosaadvocacia.com,Other,HCP,FALSE
dracarolinalourenco.com.br,Other,HCP,FALSE
dracarolinavisintin.com.br,Other,HCP,FALSE
dracintiabatista.com.br,Other,HCP,FALSE
draclaudianavarro.com.br,Other,HCP,FALSE
dracristinasilveira.com.br,Other,HCP,FALSE
dradaianalopes.com.br,Other,HCP,FALSE
dradaniellemartin.com.br,Other,HCP,FALSE
dradanielletavares.com.br,Other,HCP,FALSE
draelizabethvillanueva.com,Other,HCP,FALSE
draemilytonin.com.br,Other,HCP,FALSE
drafabianabonato.com.br,Other,HCP,FALSE
drafabianamuniz.com.br,Other,HCP,FALSE
drafernandalaranjeira.com.br,Other,HCP,FALSE
drafernandamadasi.com.br,Other,HCP,FALSE
drafernandapena.com.br,Other,HCP,FALSE
drafernandaronchi.com.br,Other,HCP,FALSE
draflaviapurcino.com.br,Other,HCP,FALSE
dragiseleguimaraes.com.br,Other,HCP,FALSE
draimunahmed.com,Other,HCP,FALSE
draingridfaber.com.br,Other,HCP,FALSE
draisabellatavares.com.br,Other,HCP,FALSE
drajanainamenezes.com.br,Other,HCP,FALSE
drajaquelineginecologia.com.br,Other,HCP,FALSE
drajaquelinesulzbach.com.br,Other,HCP,FALSE
drajoanafaria.pt,Other,HCP,FALSE
drajosyvera.com.br,Other,HCP,FALSE
drajulianametzker.com.br,Other,HCP,FALSE
drajulianareis.com.br,Other,HCP,FALSE
drajulianatribeiro.com.br,Other,HCP,FALSE
drakarinabelickas.com,Other,HCP,FALSE
drakarinafurlananselmi.com,Other,HCP,FALSE
drakeillafreitas.com.br,Other,HCP,FALSE
drakellysilva.com.br,Other,HCP,FALSE
dralarissabras.com.br,Other,HCP,FALSE
dralcinonefrologista.com.br,Other,HCP,FALSE
draleticialauricella.com.br,Other,HCP,FALSE
dralexandrejacome.com.br,Other,HCP,FALSE
dralexandresato.com.br,Other,HCP,FALSE
dralfredo.com.br,Other,HCP,FALSE
dralilianrosinha.com.br,Other,HCP,FALSE
dralillianrocha.com.br,Other,HCP,FALSE
draliviaoncologista.com.br,Other,HCP,FALSE
dralorellaurologista.com.br,Other,HCP,FALSE
dralorenarosique.com.br,Other,HCP,FALSE
draluaneabdalla.com.br,Other,HCP,FALSE
dralucianacamargos.com.br,Other,HCP,FALSE
dralulinfonseca.com.br,Other,HCP,FALSE
dralvarosteiner.com.br,Other,HCP,FALSE
dramairatavares.com.br,Other,HCP,FALSE
dramarcellesanches.com.br,Other,HCP,FALSE
dramargleiceneurologista.com.br,Other,HCP,FALSE
dramariacristinabiazotti.com.br,Other,HCP,FALSE
dramariaemiliadebarba.com.br,Other,HCP,FALSE
dramarianaortega.com.br,Other,HCP,FALSE
dramarianaturano.com.br,Other,HCP,FALSE
dramarinamelem.com.br,Other,HCP,FALSE
dramarinanogueira.com.br,Other,HCP,FALSE
dramarinapisani.com.br,Other,HCP,FALSE
dramelissapolaro.com.br,Other,HCP,FALSE
dramigliavacca.com.br,Other,HCP,FALSE
dramilenacaldas.com.br,Other,HCP,FALSE
dramonicareproducaohumana.com.br,Other,HCP,FALSE
dramoniquevalois.com.br,Other,HCP,FALSE
dramsterdam.com.br,Other,HCP,FALSE
dranaira.com.br,Other,HCP,FALSE
dranastaciodias.com.br,Other,HCP,FALSE
dranastasio.com.br,Other,HCP,FALSE
dranataliafaissol.com.br,Other,HCP,FALSE
dranathaliaprudencio.com,Other,HCP,FALSE
drandersongalvao.com.br,Other,HCP,FALSE
drandreamerico.com.br,Other,HCP,FALSE
drandrearaujo.com,Other,HCP,FALSE
drandrefeldman.com.br,Other,HCP,FALSE
drandreferrari.com.br,Other,HCP,FALSE
drandreluizneurologia.com.br,Other,HCP,FALSE
drandremattar.com.br,Other,HCP,FALSE
drandreoncologista.com.br,Other,HCP,FALSE
dranidialima.com.br,Other,HCP,FALSE
drantoniocoimbraneuro.com,Other,HCP,FALSE
drantoniorochajruro.com.br,Other,HCP,FALSE
draolgajudithfustes.com.br,Other,HCP,FALSE
drapatricia.com,Other,HCP,FALSE
drapatriciademoraes.com.br,Other,HCP,FALSE
drapauladeckers.com.br,Other,HCP,FALSE
drapaulagirotto.com.br,Other,HCP,FALSE
drapaulanefro.com.br,Other,HCP,FALSE
drapaulapestana.com.br,Other,HCP,FALSE
drapp.com.br,Other,HCP,FALSE
drapriscilahenriques.com.br,Other,HCP,FALSE
drapriscilamatsuoka.com.br,Other,HCP,FALSE
drapriscilaruwer.com.br,Other,HCP,FALSE
drapriscilatiburtino.com.br,Other,HCP,FALSE
drapriscillagaiato.com.br,Other,HCP,FALSE
drarafaelamontenegro.com.br,Other,HCP,FALSE
draraquelrodrigues.com.br,Other,HCP,FALSE
drareginacele.com.br,Other,HCP,FALSE
drarenatabrondi.com.br,Other,HCP,FALSE
drarenatacorradi.com.br,Other,HCP,FALSE
drarihalpern.com.br,Other,HCP,FALSE
drarosanadenardi.com.br,Other,HCP,FALSE
drarossanapaiva.com.br,Other,HCP,FALSE
drarthurbaston.com.br,Other,HCP,FALSE
drarthurnefrologia.com,Other,HCP,FALSE
draruannaestrelanefrologista.com,Other,HCP,FALSE
drasabrinachagas.com.br,Other,HCP,FALSE
drasamiracotta.com.br,Other,HCP,FALSE
drasaramohrbacher.com.br,Other,HCP,FALSE
drashirleymenezes.com.br,Other,HCP,FALSE
drashishsaini.com,Other,HCP,FALSE
drasilvanakesrouani.com.br,Other,HCP,FALSE
drasilviasouza.med.br,Other,HCP,FALSE
drasuelenstallbaum.com.br,Other,HCP,FALSE
drasuelirodrigues.com.br,Other,HCP,FALSE
dratacianamutao.com.br,Other,HCP,FALSE
dratairanelima.com,Other,HCP,FALSE
dratamarapereira.com.br,Other,HCP,FALSE
drathaisgabrieloncologia.com.br,Other,HCP,FALSE
drathaizacristina.com.br,Other,HCP,FALSE
dratherezastarling.com.br,Other,HCP,FALSE
draugustoteixeira.com.br,Other,HCP,FALSE
dravanessacrivillari.com,Other,HCP,FALSE
dravanessamotta.com.br,Other,HCP,FALSE
draveronicanefro.com.br,Other,HCP,FALSE
draviviancoski.com.br,Other,HCP,FALSE
dravivianefelici.com.br,Other,HCP,FALSE
drayeddareis.com.br,Other,HCP,FALSE
drazhariurology.com.sg,Other,HCP,FALSE
drbirnfeld.com.br,Other,HCP,FALSE
drbrenogusmao.com.br,Other,HCP,FALSE
drbrianharkins.com,Other,HCP,FALSE
drbrunoair.com.br,Other,HCP,FALSE
drbrunocoloproctologista.com,Other,HCP,FALSE
drbrunofelipe.com.br,Other,HCP,FALSE
drbrunomarcelino.com,Other,HCP,FALSE
drbrunomello.com.br,Other,HCP,FALSE
drbrunomolina-urologia.com.br,Other,HCP,FALSE
drbrunosaba.com.br,Other,HCP,FALSE
drbrunovascularbsb.com.br,Other,HCP,FALSE
drcaiocarrasco.com.br,Other,HCP,FALSE
drcarloscalazans.com.br,Other,HCP,FALSE
drcarlosgarciapneumo.com.br,Other,HCP,FALSE
drcarlosobregon.com.br,Other,HCP,FALSE
drcarlosrebollon.com,Other,HCP,FALSE
drcarlosvidal.com.br,Other,HCP,FALSE
drcarloswestin.com.br,Other,HCP,FALSE
drcassioamancio.com.br,Other,HCP,FALSE
drceliojoliveira.com.br,Other,HCP,FALSE
drcelsoreis.com.br,Other,HCP,FALSE
drclaudiobicudo.com.br,Other,HCP,FALSE
drconsulta.com,Other,HCP,FALSE
drcristianogomes.com.br,Other,HCP,FALSE
drcuratela.com.br,Other,HCP,FALSE
drdanielgallo.com.br,Other,HCP,FALSE
drdanielmusse.com.br,Other,HCP,FALSE
drdanielsucupira.com.br,Other,HCP,FALSE
drdanilogonnelli.com.br,Other,HCP,FALSE
drdenyei.com.br,Other,HCP,FALSE
drderival.com,Other,HCP,FALSE
drdiegodecastro.com,Other,HCP,FALSE
drdiegogaspar.com.br,Other,HCP,FALSE
drdiegomoura.com.br,Other,HCP,FALSE
drdouglasbastos.com.br,Other,HCP,FALSE
dredernisi.com.br,Other,HCP,FALSE
drederrocha.com.br,Other,HCP,FALSE
dredgarlopez.com.br,Other,HCP,FALSE
dredsonuro.com,Other,HCP,FALSE
dreduardoramos.com.br,Other,HCP,FALSE
dreduardosauderenal.com.br,Other,HCP,FALSE
dreducosta.com.br,Other,HCP,FALSE
dreriveltovolpi.com.br,Other,HCP,FALSE
dreversonmalluta.com.br,Other,HCP,FALSE
drfabiohirata.com.br,Other,HCP,FALSE
drfabiolordelo.com.br,Other,HCP,FALSE
drfabiorocha.com.br,Other,HCP,FALSE
drfabricioborba.com.br,Other,HCP,FALSE
drfabrizioscardino.com.br,Other,HCP,FALSE
drfarokhmaster.com,Other,HCP,FALSE
drfathimadocrat.co.za,Other,HCP,FALSE
drfelipedelgado.com.br,Other,HCP,FALSE
drfernandofreitas.com.br,Other,HCP,FALSE
drfernandoleao.com.br,Other,HCP,FALSE
drfilipekruger.com.br,Other,HCP,FALSE
drfilipemiranda.com.br,Other,HCP,FALSE
drfrancescoblumetti.com.br,Other,HCP,FALSE
drfranciscogonzaga.com.br,Other,HCP,FALSE
drgabrielmontezuma.com.br,Other,HCP,FALSE
drgabrielsouza.com.br,Other,HCP,FALSE
drgedegilson.com.br,Other,HCP,FALSE
drgerardfajula.com,Other,HCP,FALSE
drgilbertorodrigues.com.br,Other,HCP,FALSE
drginourologista.com.br,Other,HCP,FALSE
drgiovannitarga.com.br,Other,HCP,FALSE
drguilhermegeneticista.com.br,Other,HCP,FALSE
drguilhermehreis.com.br,Other,HCP,FALSE
drguilhermenoffs.com.br,Other,HCP,FALSE
drgura.com,Other,HCP,FALSE
drgustavobandeira.com.br,Other,HCP,FALSE
drgustavogastal.com.br,Other,HCP,FALSE
drgustavopafume.com.br,Other,HCP,FALSE
drgustavopiotto.com.br,Other,HCP,FALSE
drgustavoschvartsman.com.br,Other,HCP,FALSE
drgustavozucca.com.br,Other,HCP,FALSE
drheitorrodrigues.com.br,Other,HCP,FALSE
drhenriquebufaical.com.br,Other,HCP,FALSE
drherculanonefrologista.com.br,Other,HCP,FALSE
drherval.com.br,Other,HCP,FALSE
drhugoguedes.com.br,Other,HCP,FALSE
drhugohammoud.com.br,Other,HCP,FALSE
drhugooctaviano.com.br,Other,HCP,FALSE
drhugotanaka.com.br,Other,HCP,FALSE
dricarocarvalho.com.br,Other,HCP,FALSE
drigo.digital,Other,HCP,FALSE
drisaiascabral.com.br,Other,HCP,FALSE
drivanpiotto.com.br,Other,HCP,FALSE
drjappedrosa.com,Other,HCP,FALSE
drjayanam.com,Other,HCP,FALSE
drjoaofelippe.com.br,Other,HCP,FALSE
drjoaojuveniz.com.br,Other,HCP,FALSE
drjoaopaulomastologista.com.br,Other,HCP,FALSE
drjoaopedrobilo.com.br,Other,HCP,FALSE
drjoaoricardo.com.br,Other,HCP,FALSE
drjoaorodrigues.com,Other,HCP,FALSE
drjonatascatunda.com,Other,HCP,FALSE
drjorgemenenguci.com.br,Other,HCP,FALSE
drjosecabraljr.com.br,Other,HCP,FALSE
drjosevetorazzo.com,Other,HCP,FALSE
drjulianocoelho.com.br,Other,HCP,FALSE
drjulianocunha.com.br,Other,HCP,FALSE
drjulianoplastina.com.br,Other,HCP,FALSE
drjullianoguimaraes.com.br,Other,HCP,FALSE
drkumar.com.au,Other,HCP,FALSE
drlaraluiza.com.br,Other,HCP,FALSE
drleandroburatonefrologia.com.br,Other,HCP,FALSE
drleandrocancelli.com.br,Other,HCP,FALSE
drleandrofinotti.com.br,Other,HCP,FALSE
drleonardonissen.com.br,Other,HCP,FALSE
drleonardonogueira.com.br,Other,HCP,FALSE
drleone.com.br,Other,HCP,FALSE
drlex.ai,Other,HCP,FALSE
drlucasgeriatra.com.br,Other,HCP,FALSE
drlucasgomes.com.br,Other,HCP,FALSE
drlucasluznefro.com.br,Other,HCP,FALSE
drlucasmacedo.com.br,Other,HCP,FALSE
drlucasmessaspsiquiatra.com.br,Other,HCP,FALSE
drlucianoteixeira.com.br,Other,HCP,FALSE
drluigifernando.com.br,Other,HCP,FALSE
drluisfernandodip.com.br,Other,HCP,FALSE
drluizpellegrino.com.br,Other,HCP,FALSE
drluizporto.com.br,Other,HCP,FALSE
drmarcel.com.br,Other,HCP,FALSE
drmarcelbrunetto.com.br,Other,HCP,FALSE
drmarceloaureliano.com.br,Other,HCP,FALSE
drmarcelobdalio.com.br,Other,HCP,FALSE
drmarcelocruz.com.br,Other,HCP,FALSE
drmarcelogiusti.com.br,Other,HCP,FALSE
drmarcelonakamuraneuro.com.br,Other,HCP,FALSE
drmarcelopoli.com,Other,HCP,FALSE
drmarceloponte.com.br,Other,HCP,FALSE
drmarcelowerneck.com.br,Other,HCP,FALSE
drmarceluro.com,Other,HCP,FALSE
drmarciogester.com.br,Other,HCP,FALSE
drmarciogomes.com.br,Other,HCP,FALSE
drmarciopsiquiatra.com.br,Other,HCP,FALSE
drmarcoandrade.com.br,Other,HCP,FALSE
drmarcosdalloglio.com.br,Other,HCP,FALSE
drmarcosferrari.com.br,Other,HCP,FALSE
drmarcosmiqueletti.com.br,Other,HCP,FALSE
drmariofreitas.com.br,Other,HCP,FALSE
drmaryling.com.au,Other,HCP,FALSE
drmateusluvizotto.com.br,Other,HCP,FALSE
drmateussalemme.com.br,Other,HCP,FALSE
drmatheusmello.com.br,Other,HCP,FALSE
drmichaelkernohan.com.au,Other,HCP,FALSE
drmichelchebel.com.br,Other,HCP,FALSE
drmichelsalim.com.br,Other,HCP,FALSE
drmiguelhorwacz.com.br,Other,HCP,FALSE
drmiguelsilveira.com.br,Other,HCP,FALSE
drmistry.com.au,Other,,FALSE
drnagarkar.com,Other,,FALSE
drogal.com.br,Other,,FALSE
drogaraia.com.br,Other,,FALSE
drogariacatarinense.com.br,Other,,FALSE
drogarianovaesperanca.com.br,Other,HCP,FALSE
drogariasaocarlos.com.br,Other,,FALSE
drogariasaopaulo.com.br,Other,,FALSE
drogariaspacheco.com.br,Other,,FALSE
drogariastamoio.com.br,Other,HCP,FALSE
drogasil.com.br,Other,,FALSE
droliverio.com.br,Other,HCP,FALSE
droracle.ai,Other,HCP,FALSE
drpaulo.com.br,Other,HCP,FALSE
drpauloduarteplastica.com,Other,HCP,FALSE
drpauloesteves.com.br,Other,HCP,FALSE
drpaulofranzoni.com.br,Other,HCP,FALSE
drpaulomaron.com.br,Other,HCP,FALSE
drpaulomeirelles.com.br,Other,HCP,FALSE
drpaulorodrigues.com.br,Other,HCP,FALSE
drpaulosajovicdeconti.com.br,Other,HCP,FALSE
drpedrofontes.com.br,Other,HCP,FALSE
drpedrohenriquemoreira.com.br,Other,HCP,FALSE
drpedroleiteneurologista.com.br,Other,HCP,FALSE
drphillipeheckler.com.br,Other,HCP,FALSE
drponti.com.br,Other,HCP,FALSE
drrafaellocali.com.br,Other,HCP,FALSE
drrafaeloliveira.com,Other,HCP,FALSE
drrafaelpandini.com.br,Other,HCP,FALSE
drrafaelrocha.com.br,Other,HCP,FALSE
drrafaelsato.com.br,Other,HCP,FALSE
drrahulbhargavahematologist.com,Other,HCP,FALSE
drrailyamousina.com.au,Other,HCP,FALSE
drraphaelgarciaalves.com.br,Other,HCP,FALSE
drreddys.com.br,Other,HCP,FALSE
drrenusharma.com,Other,HCP,FALSE
drricardofreire.com.br,Other,HCP,FALSE
drricardoterra.com.br,Other,HCP,FALSE
drritikabhandari.com,Other,HCP,FALSE
drrobertguimaraes.com.br,Other,HCP,FALSE
drrobertosavio.com.br,Other,HCP,FALSE
drrodolfoborges.com.br,Other,HCP,FALSE
drrodrigoarrivabeno.com.br,Other,HCP,FALSE
drrodrigobarbosa.com.br,Other,HCP,FALSE
drrodrigochaves.com.br,Other,HCP,FALSE
drrodrigofreddi.com,Other,HCP,FALSE
drrodrigomichelli.com.br,Other,HCP,FALSE
drrohitbadgenephrologist.in,Other,HCP,FALSE
drronaldoguimaraes.com.br,Other,HCP,FALSE
drrui.com.br,Other,HCP,FALSE
drsaadvikraghuram.com,Other,HCP,FALSE
drsaez.com,Other,HCP,FALSE
drsamridhigupta.com,Other,HCP,FALSE
drsebastiaoeurico.com.br,Other,HCP,FALSE
drsergiourologista.com.br,Other,HCP,FALSE
drtarso.com.br,Other,HCP,FALSE
drthiagocosta.com.br,Other,HCP,FALSE
drthiagoguimaraesneuro.com,Other,HCP,FALSE
drthiagojunqueira.com.br,Other,HCP,FALSE
drthiagomourao.com.br,Other,HCP,FALSE
drthiagotredicci.com.br,Other,HCP,FALSE
drugbank.com,Institutions,Institution Global,FALSE
drugchatter.com,Other,,FALSE
drugdiscoverynews.com,Earned Media,Earned Media Global,FALSE
drugdiscoveryonline.com,Earned Media,Earned Media Global,FALSE
drugdiscoverytrends.com,Earned Media,Earned Media Global,FALSE
drugoffice.gov.hk,Institutions,Institution Global,FALSE
drugprice.org,Earned Media,Earned Media Global,FALSE
drugs.com,Other,,FALSE
drugslib.com,Earned Media,Earned Media Global,FALSE
drugtopics.com,Earned Media,Earned Media Global,FALSE
drvictorjordao.com.br,Other,HCP,FALSE
drvinantbhargava.com,Other,,FALSE
drviniciuscarrera.com.br,Other,HCP,FALSE
drviniciusmaykeh.com.br,Other,HCP,FALSE
drvitoreugenio.com.br,Other,HCP,FALSE
drvitormagalhaesoncologia.com.br,Other,HCP,FALSE
drwalyson.com.br,Other,HCP,FALSE
drwesleyandrade.com.br,Other,HCP,FALSE
ds-saude.pt,Other,,FALSE
dsnr.nl,Other,,FALSE
dsvc.com.br,Other,,FALSE
duarteealmeida.adv.br,Other,,FALSE
dubaimobility.com,Other,,FALSE
ducray.com,Other,,FALSE
dukehealth.org,Institutions,Institution Global,FALSE
dvm360.com,Earned Media,Earned Media Global,FALSE
e-century.us,Institutions,Institution Global,FALSE
e-cep.org,Institutions,Institution Global,FALSE
eaapublishing.org,Institutions,Institution Global,FALSE
eaglenews.com.br,Other,,FALSE
easyfiv.es,Other,,FALSE
eau-thermale-avene.com.br,Other,,FALSE
eau-thermale-avene.pt,Other,,FALSE
eb.mil.br,Other,,FALSE
eb3.work,Other,,FALSE
ebc.com.br,Institutions,Institution BR,FALSE
ebony.com,Earned Media,Earned Media Global,FALSE
ebscohost.com,Other,,FALSE
ecancer.org,Institutions,Institution Global,FALSE
ecancermd.com,Other,,FALSE
eclipsemagazine.com,Earned Media,Earned Media Global,FALSE
ecologiamedica.net,Other,,FALSE
ecomax-cdi.com.br,Other,,FALSE
ecomedicalcenter.com.br,Other,,FALSE
ecopolsaude.com.br,Other,HCP,FALSE
ecuhealth.org,Other,,FALSE
ecycle.com.br,Earned Media,Earned Media BR,FALSE
edestaquebrasilia.com.br,Other,,FALSE
edhacare.com,Other,,FALSE
editoracientifica.com.br,Earned Media,Earned Media BR,FALSE
editoraime.com.br,Institutions,Institution BR,FALSE
editoraintegralize.com,Other,,FALSE
editoralicuri.com.br,Other,,FALSE
editorapasteur.com.br,Other,,FALSE
editorarealize.com.br,Other,,FALSE
edren.org,Institutions,Institution Global,FALSE
eduardoboniatti.com,Other,,FALSE
eduardomatos.pt,Other,,FALSE
eduautista.com.br,Other,,FALSE
educamaisbrasil.com.br,Other,,FALSE
educativa.fm,Other,,FALSE
eduprimebrasil.com.br,Other,,FALSE
eeoc.gov,Institutions,Institution Global,FALSE
efdeportes.com,Earned Media,Earned Media Global,FALSE
eigierdiagnosticos.com.br,Other,,FALSE
einstein.br,Institutions,Institution BR,FALSE
ejcancer.com,Institutions,Institution Global,FALSE
ejpn-journal.com,Institutions,Institution Global,FALSE
ekb.eg,Institutions,Institution Global,FALSE
ekhuft.nhs.uk,Institutions,Institution Global,FALSE
ekosom.com.br,Other,,FALSE
elase.com.br,Other,,FALSE
elbermedical.com.br,Other,,FALSE
elconfidencial.com,Earned Media,Earned Media Global,FALSE
eletrodiagnostico.com.br,Other,,FALSE
elglobalfarma.com,Earned Media,Earned Media Global,FALSE
elitecampinas.com.br,Other,,FALSE
elitevale.com.br,Other,,FALSE
elmundo.es,Earned Media,Earned Media Global,FALSE
elpais.com,Earned Media,Earned Media Global,FALSE
elsabrasil.org,Other,,FALSE
elsevier.es,Institutions,Institution Global,FALSE
elsevierpure.com,Other,,FALSE
eltonfernandes.com.br,Other,,FALSE
elucirem.com,Other,,FALSE
eludicarpediatria.com.br,Other,HCP,FALSE
eluniverso.com,Earned Media,Earned Media Global,FALSE
em.com.br,Earned Media,Earned Media BR,FALSE
emanuelafidelix.com.br,Other,,FALSE
emapbrasil.com.br,Other,,FALSE
embryomedicine.gr,Other,,FALSE
emdefesadasaude.com.br,Other,,FALSE
emedevents.com,Other,,FALSE
emeis.pt,Other,,FALSE
emescam.br,Other,,FALSE
emfoco.med.br,Other,,FALSE
emg-ncv.com,Other,,FALSE
emglab.com.br,Other,,FALSE
emiratesrehabilitation.ae,Other,,FALSE
emjreviews.com,Earned Media,Earned Media Global,FALSE
emnuvens.com.br,Other,,FALSE
emonetooneportugal.pt,Other,,FALSE
emory.edu,Institutions,Institution Global,FALSE
emotiv.com,Other,,FALSE
empaveli.com,Other,,FALSE
employer.com.br,Other,,FALSE
empr.com,Earned Media,Earned Media Global,FALSE
empregos.com.br,Other,,FALSE
empremed.com.br,Other,,FALSE
empresta.com.br,Other,,FALSE
emtempo.com.br,Earned Media,Earned Media BR,FALSE
encephalitis.info,Other,,FALSE
enciclopedia.med.br,Other,,FALSE
encodexa.com.br,Other,,FALSE
encontrar.org.br,Earned Media,Earned Media BR,FALSE
encontrodigital.com.br,Other,,FALSE
encrypted-tbn0.g,Other,,FALSE
encrypted-tbn0.gs,Other,,FALSE
encrypted-tbn0.gst,Other,,FALSE
encrypted-tbn0.gsta,Other,,FALSE
encrypted-tbn0.gstat,Other,,FALSE
encrypted-tbn0.gstati,Other,,FALSE
encrypted-tbn1.g,Other,,FALSE
encrypted-tbn1.gs,Other,,FALSE
encrypted-tbn1.gst,Other,,FALSE
encrypted-tbn1.gsta,Other,,FALSE
encrypted-tbn1.gstat,Other,,FALSE
encrypted-tbn1.gstati,Other,,FALSE
encrypted-tbn2.g,Other,,FALSE
encrypted-tbn2.gs,Other,,FALSE
encrypted-tbn2.gst,Other,,FALSE
encrypted-tbn2.gstat,Other,,FALSE
encrypted-tbn2.gstati,Other,,FALSE
encrypted-tbn3.g,Other,,FALSE
encrypted-tbn3.gsta,Other,,FALSE
encrypted-tbn3.gstat,Other,,FALSE
encrypted-tbn3.gstati,Other,,FALSE
endocore.com.br,Other,,FALSE
endocrimeta.com.br,Other,,FALSE
endocrincentr.ru,Other,,FALSE
endocrino.com,Other,,FALSE
endofernandaamaral.med.br,Other,,FALSE
endome.pl,Other,,FALSE
endpoints.news,Earned Media,Earned Media Global,FALSE
energiseme.org,Other,,FALSE
enfermagemilustrada.com,Earned Media,Earned Media Global,FALSE
enfermedades-raras.org,Other,,FALSE
enfermedades-singulares.com,Other,,FALSE
enfermfoco.org,Institutions,Institution Global,FALSE
enfrente.com.br,Other,,FALSE
engaged.com.br,Other,,FALSE
engeladvogados.com.br,Other,,FALSE
england.nhs.uk,Institutions,Institution Global,FALSE
engravida.com.br,Other,,FALSE
enkyo.org.br,Other,,FALSE
enmc.org,Institutions,Institution Global,FALSE
ensaios-clinicos.pt,Other,,FALSE
ensaiosclinicos.gov.br,Institutions,Institution BR,FALSE
ensayosclinicos.es,Other,,FALSE
entendasuamama.com.br,Other,,FALSE
entendendoaesquizofrenia.com.br,Other,,FALSE
enterade.com,Other,,FALSE
eocco.com,Other,,FALSE
epa.gov,Institutions,Institution Global,FALSE
epd.edu.br,Institutions,Institution BR,FALSE
epharma.com.br,Other,,FALSE
epitaya.com.br,Other,,FALSE
epo.org,Institutions,Institution Global,FALSE
epsombloodtests.com,Other,,FALSE
epworth.org.au,Institutions,Institution Global,FALSE
equalisveterinaria.com.br,Other,,FALSE
equinox-group.com,Other,,FALSE
era-online.org,Institutions,Institution Global,FALSE
era60mais.com,Other,,FALSE
eranefrologia.com.br,Other,HCP,FALSE
erastogaertner.com.br,Other,,FALSE
erdheim-chester.org,Institutions,Institution Global,FALSE
ergosports.com.br,Other,,FALSE
erknet.org,Institutions,Institution Global,FALSE
es.def.br,Other,,FALSE
es.gov.br,Institutions,Institution BR,FALSE
esb.com.br,Other,,FALSE
escapenet.eu,Other,,FALSE
escavador.com,Other,,FALSE
escharts.com,Other,,FALSE
esclarecimentomultiplo.com.br,Other,,FALSE
esclerosemultipla.com.br,Other,,FALSE
esclerosemultipla.info,Other,,FALSE
escolaleketreke.com.br,Other,,FALSE
escritoriomsadvs.com,Other,,FALSE
escutaragoraesempre.com,Other,,FALSE
esgo.org,Institutions,Institution Global,FALSE
eshi.es,Other,,FALSE
eshikshya.org,Other,,FALSE
eshoje.com.br,Earned Media,Earned Media BR,FALSE
esmo.org,Institutions,Institution Global,FALSE
esmoopen.com,Earned Media,Earned Media Global,FALSE
esnt-online.com,Other,,FALSE
espacocinthiafranca.com.br,Other,,FALSE
espacodevida.org.br,Institutions,Institution BR,TRUE
espacovital.com.br,Earned Media,Earned Media BR,FALSE
especialistaemretina.com.br,Other,,FALSE
espondilitebrasil.com.br,Other,,FALSE
esseha.dz,Earned Media,Earned Media Global,FALSE
essencialcare.com.br,Other,,FALSE
estacaolitoralsp.com.br,Other,,FALSE
estadao.com.br,Earned Media,Earned Media BR,FALSE
estantemagica.com.br,Other,,FALSE
estrategia.com,Other,,FALSE
estrategiaconcursos.com.br,Other,,FALSE
estrelando.com.br,Other,,FALSE
estruturadinamica.com.br,Other,,FALSE
estuda.com,Other,,FALSE
etahlil.com.tr,Other,,FALSE
ethoss.com.br,Other,,FALSE
ettaatlantic.com,Other,,FALSE
eualiria.com.br,Other,,FALSE
euamoitaberaba.com.br,Other,,FALSE
euax.com.br,Other,,FALSE
eugeniafialho.com,Other,,FALSE
eumedicoresidente.com.br,Other,,FALSE
eupaciente.com.br,Earned Media,Earned Media BR,FALSE
eupati.eu,Institutions,Institution Global,FALSE
euquerosabertudo.com,Other,,FALSE
eurio.com.br,Earned Media,Earned Media BR,FALSE
eurobio-scientific.com,Other,,FALSE
eurodicas.com.br,Other,,FALSE
euroexame.com.br,Other,,FALSE
eurofarma.com.br,Other,,FALSE
euroimmun.com.br,Other,,FALSE
europa.eu,Institutions,Institution Global,FALSE
europawire.eu,PR Wire,,FALSE
europeanpharmaceuticalreview.com,Earned Media,Earned Media Global,FALSE
europeanreview.org,Institutions,Institution Global,FALSE
europesays.com,Earned Media,Earned Media Global,FALSE
europubpublications.com,Other,,FALSE
eurordis.org,Institutions,Institution Global,FALSE
eva.org.br,Other,,FALSE
evelinalondon.nhs.uk,Institutions,Institution Global,FALSE
even3.com,Other,,FALSE
even3.com.br,Other,,FALSE
eventkey.pt,Other,,FALSE
evepharma.com.br,Other,,FALSE
everhope.care,Other,,FALSE
everlywell.com,Other,,FALSE
everydayhealth.com,Earned Media,Earned Media Global,FALSE
everyone.org,Institutions,Institution Global,FALSE
evicore.com,Other,,FALSE
eviq.org.au,Institutions,Institution Global,FALSE
evitacancro.org,Other,,FALSE
evodux.com,Other,,FALSE
evrysdi.com,Other,,FALSE
exactsciences.com,Other,,FALSE
exame.com,Earned Media,Earned Media Global,FALSE
exatusgene.com,Other,,FALSE
excellusbcbs.com,Other,,FALSE
exclin.ai,Other,,FALSE
executiva.pt,Earned Media,Earned Media Global,FALSE
exelixis.com,Other,,FALSE
exerciseismedicine.org,Institutions,Institution Global,FALSE
exerciseright.com.au,Institutions,Institution Global,FALSE
exmed.com.br,Other,,FALSE
expertperspectives.com,Earned Media,Earned Media Global,FALSE
expresso.pt,Earned Media,Earned Media Global,FALSE
expresso360.com.br,Other,,FALSE
expresspharma.in,Earned Media,Earned Media Global,FALSE
extrafarma.com.br,Other,,FALSE
eyewiki.org,Institutions,Institution Global,FALSE
faa.edu.br,Other,,FALSE
faa.gov,Institutions,Institution Global,FALSE
fabhalta-hcp.com,Owned,Owned Global,FALSE
fabhalta-id.com,Owned,Owned Global,FALSE
fabhalta.com,Owned,Owned Global,FALSE
fabianacaraciolo.com.br,Other,,FALSE
fabianobichuettenefro.com.br,Other,HCP,FALSE
fabinject.com.br,Other,,FALSE
fabiokamamoto.com.br,Other,,FALSE
fabrinet.com,Other,,FALSE
faccia.pt,Other,,FALSE
facebook.com,Social,,FALSE
faceres.com.br,Other,,FALSE
fachiniadvogados.com.br,Other,,FALSE
facina.com.br,Other,,FALSE
facingourrisk.org,Institutions,Institution Global,FALSE
facpp.edu.br,Other,,FALSE
facs.org,Institutions,Institution Global,FALSE
factorialhr.pt,Other,,FALSE
faculdadeide.edu.br,Other,,FALSE
faepa.br,Other,,FALSE
fag.edu.br,Other,,FALSE
falavinhanext.com.br,Other,,FALSE
falavoce.com.br,Other,,FALSE
falebrasil.com,Other,,FALSE
falesobreela.com.br,Other,,FALSE
fallonhealth.org,Other,,FALSE
fameargentina.org.ar,Other,,FALSE
famigliesma.org,Institutions,Institution Global,FALSE
familiarhomecare.com.br,Other,,FALSE
fams.org.br,Other,,FALSE
fapap.es,Institutions,Institution Global,FALSE
fapers.org.br,Other,,FALSE
fapes.com.br,Institutions,Institution BR,FALSE
fapesp.br,Institutions,Institution BR,FALSE
farbefirma.org,Other,,FALSE
farmacam.com.br,Other,,FALSE
farmaceuticos.com,Institutions,Institution Global,FALSE
farmaciadeliveryonline.com.br,Other,,FALSE
farmaciamedicom.com.br,Other,,FALSE
farmaciasapp.com.br,Other,,FALSE
farmaciasempreviva.com.br,Other,,FALSE
farmaciashdezsante.com,Other,,FALSE
farmaciasindependente.com.br,Other,,FALSE
farmaciasnissei.com.br,Other,,FALSE
farmaciasportuguesas.pt,Other,,FALSE
farmaclass.com.br,Other,,FALSE
farmacosalud.com,Earned Media,Earned Media Global,FALSE
farmadelivery.com.br,Other,,FALSE
farmaindex.com,Earned Media,Earned Media Global,FALSE
farmasilva.com.br,Other,,FALSE
farmatra.com.br,Other,,FALSE
farmavisa.com.br,Other,,FALSE
faroldopaciente.com.br,Other,,FALSE
fasipe.com.br,Other,,FALSE
fastmedicamentos.com.br,Other,,FALSE
fatecbt.edu.br,Other,,FALSE
fau.org.br,Other,,FALSE
favarettoadv.com.br,Other,,FALSE
fbh.com.br,Other,,FALSE
fbitsstatic.net,Other,,FALSE
fcc.org.br,Institutions,Institution BR,FALSE
fchampalimaud.org,Institutions,Institution Global,FALSE
fcmmg.br,Other,,FALSE
fcmsantacasasp.edu.br,Institutions,Institution BR,FALSE
fcneurology.net,Other,,FALSE
fcruzadv.com.br,Other,,FALSE
fda.gov,Institutions,Institution Global,FALSE
fda.report,Earned Media,Earned Media Global,FALSE
fdaghana.gov.gh,Other,,FALSE
fdr.com.br,Earned Media,Earned Media BR,FALSE
febrararas.org,Institutions,Institution BR,TRUE
febrasgo.org.br,Other,,FALSE
febraz.org.br,Other,,FALSE
fecondare.com.br,Other,,FALSE
federassantas.org.br,Other,,FALSE
fegest.org,Other,,FALSE
fehoesg.org.br,Other,,FALSE
fehosp.com.br,Other,,FALSE
feliciorocho.org.br,Institutions,Institution BR,FALSE
felipebulhoes.com,Other,,FALSE
felixhospital.com,Other,,FALSE
felleskatalogen.no,Earned Media,Earned Media Global,FALSE
femama.org.br,Institutions,Institution BR,TRUE
femina.care,Other,,FALSE
femina.org.br,Institutions,Institution BR,FALSE
femmaz.com.br,Other,,FALSE
fenacon.org.br,Other,,FALSE
fenapar.com,Other,,TRUE
fenasaude.org.br,Other,HCP,FALSE
fenati.org.br,Institutions,Institution BR,FALSE
fepblue.org,Other,,FALSE
fepecs.edu.br,Other,,FALSE
fernandacalil.com.br,Other,,FALSE
fernandeseparente.adv.br,Other,,FALSE
fernandofilgueiras.org.br,Other,,FALSE
fernandogiovanella.com,Other,,FALSE
ferreiracruzadvogados.com.br,Other,,FALSE
ferreiraechagas.com.br,Other,,FALSE
ferticentro.pt,Other,,FALSE
fertilidade.org,Other,,FALSE
fertilityworld.in,Other,,FALSE
fertilizare.com.br,Other,,FALSE
fesemi.org,Institutions,Institution Global,FALSE
ffr13.fr,Other,,FALSE
fghsaude.org.br,Other,HCP,FALSE
fgv.br,Institutions,Institution BR,FALSE
fhft.nhs.uk,Institutions,Institution Global,FALSE
fhi.no,Institutions,Institution Global,FALSE
fibbauru.br,Institutions,Institution BR,FALSE
fiberoficial.com.br,Other,,FALSE
fibrosis-inflammation.com,Other,,FALSE
fidi.org.br,Other,,FALSE
fiercebiotech.com,Earned Media,Earned Media Global,FALSE
fiercepharma.com,Earned Media,Earned Media Global,FALSE
filipebrandao.adv.br,Other,,FALSE
filspari.com,Other,,FALSE
filsparihcp.com,Other,,FALSE
findaurologist.com,Other,,FALSE
findglocal.com,Other,,FALSE
fiocruz.br,Institutions,Institution BR,FALSE
fiosaude.org.br,Other,HCP,FALSE
firstlab.ind.br,Other,,FALSE
firstwordpharma.com,Earned Media,Earned Media Global,FALSE
fisiocorpilates.com.br,Other,,FALSE
fisiointegral.pt,Other,,FALSE
fisioonco.com.br,Other,,FALSE
fisioterapiaanimal.com.br,Other,,FALSE
fisioterapiaecancer.com.br,Other,,FALSE
fisterra.com,Earned Media,Earned Media Global,FALSE
fitocanabica.com.br,Other,,FALSE
flabslis.com,Other,,FALSE
flasco.org,Institutions,Institution Global,FALSE
flashapp.com.br,Other,,FALSE
flcube.com,Other,,FALSE
fleminglaboratorio.com,Other,,FALSE
flemingsaude.com.br,Other,HCP,FALSE
fleury.com.br,Other,,FALSE
fleurygenomica.com.br,Other,,FALSE
flinders.edu.au,Institutions,Institution Global,FALSE
fliphtml5.com,Other,,FALSE
flkidney.com,Other,,FALSE
floratil.com.br,Other,,FALSE
florencehealthcare.international,Other,,FALSE
fluminense.com.br,Other,,FALSE
fluxo.com.br,Other,,FALSE
fluxovascular.com.br,Other,,FALSE
flymed.com.br,Other,,FALSE
fmabc.br,Earned Media,Earned Media BR,FALSE
fmu.br,Institutions,Institution BR,FALSE
fne.pt,Other,,FALSE
fnr.gub.uy,Other,,FALSE
focopublicacoes.com.br,Institutions,Institution BR,FALSE
folhabv.com.br,Earned Media,Earned Media BR,FALSE
folhadebrumadinho.com.br,Other,,FALSE
folhadelondrina.com.br,Earned Media,Earned Media BR,FALSE
folhape.com.br,Earned Media,Earned Media BR,FALSE
folhavitoria.com.br,Earned Media,Earned Media BR,FALSE
foliahealth.com,Other,,FALSE
fondazionetelethon.it,Institutions,Institution Global,FALSE
fonoaudiologia.med.br,Other,,FALSE
forbes.com,Earned Media,Earned Media Global,FALSE
forbes.com.br,Earned Media,Earned Media BR,FALSE
forgehealth.com,Other,,FALSE
formularium.com.br,Other,,FALSE
formularynavigator.com,Other,,FALSE
fortplanos.com.br,Other,,FALSE
fortune.com,Earned Media,Earned Media Global,FALSE
fortunebusinessinsights.com,Other,,FALSE
forumccnts.org,Other,,FALSE
foxchase.org,Institutions,Institution Global,FALSE
fradesaid.com.br,Other,,FALSE
francefoundation.com,Other,,FALSE
franciscanosnaprovidencia.org.br,Other,,FALSE
fredhutch.org,Institutions,Institution Global,FALSE
fredmascarenhas.com.br,Other,,FALSE
free-work.com,Other,,FALSE
freedom.ind.br,Other,,FALSE
freirepesquisa.com.br,Other,,FALSE
freitasetrigueiro.com.br,Other,,FALSE
fresenius-kabi.com,Other,,FALSE
freseniuskidneycare.com,Other,,FALSE
freseniusmedicalcare.com,Other,,FALSE
fresubin.com,Other,,FALSE
frontiersin.org,Institutions,Institution Global,FALSE
frontroomunderfashions.com,Other,,FALSE
frp.org.pt,Other,,FALSE
fsj.edu.br,Institutions,Institution BR,FALSE
ft.com,Earned Media,Earned Media Global,FALSE
fuabc.org.br,Institutions,Institution BR,FALSE
fudahospital.in,Other,,FALSE
fukuuni-shinnai.jp,Other,,FALSE
fundacaoama.pt,Other,,FALSE
fundacaodocabelo.pt,Other,,FALSE
fundacaodorim.org.br,Other,,FALSE
fundacaodorimce.org.br,Other,,FALSE
fundacaolacorosa.com,Other,,TRUE
fundacionmencia.org,Other,,FALSE
fundacionpielsana.es,Institutions,Institution Global,FALSE
fundacionsmapanama.org,Other,,FALSE
fundame.net,Other,,FALSE
fundamento.com.br,Other,,FALSE
fundopositivo.org.br,Other,,FALSE
futurehealth.cc,Earned Media,Earned Media Global,FALSE
futurodasaude.com.br,Earned Media,Earned Media BR,FALSE
g-ba.de,Institutions,Institution Global,FALSE
g7implantes.com.br,Other,,FALSE
g7med.com,Other,,FALSE
gabrielaboufelli.com.br,Other,HCP,FALSE
gabrielacklessadv.com.br,Other,,FALSE
gabrielanasser.com.br,Other,,FALSE
gabrielatomazzoni.com.br,Other,,FALSE
gabrielbergamo.com,Other,,FALSE
gabrielquintela.com.br,Other,,FALSE
gacetamedica.com,Earned Media,Earned Media Global,FALSE
gaimportsbrasil.com.br,Other,,FALSE
galvaninerochaloures.com.br,Other,,FALSE
gamunex-c.com,Other,,FALSE
gapc.org.br,Other,,FALSE
garciaegarcia.com.br,Other,,FALSE
gastrica.com.br,Other,,FALSE
gastrocenterjf.com.br,Other,,FALSE
gastroenterologyadvisor.com,Earned Media,Earned Media Global,FALSE
gastroimagemjp.com.br,Other,,FALSE
gastromedcascavel.com.br,Other,,FALSE
gastroscopy.com.br,Other,,FALSE
gattonefrologia.com.br,Other,HCP,FALSE
gaucherdisease.org,Institutions,Institution Global,FALSE
gauthmath.com,Other,,FALSE
gavinpublishers.com,Institutions,Institution Global,FALSE
gaz.com.br,Earned Media,Earned Media BR,FALSE
gazetadaamazonia.com.br,Earned Media,Earned Media BR,FALSE
gazetadasemana.com.br,Earned Media,Earned Media BR,FALSE
gazetadeimprensa.com.br,Other,,FALSE
gazetadigital.com.br,Earned Media,Earned Media BR,FALSE
gazetadopovo.com.br,Earned Media,Earned Media BR,FALSE
gazetamt.com.br,Earned Media,Earned Media BR,FALSE
gazetanews.com,Other,,FALSE
gazetasp.com.br,Earned Media,Earned Media BR,FALSE
gazetaweb.com,Earned Media,Earned Media Global,FALSE
gbcp.org.br,Other,,FALSE
gbecam.org.br,Other,,FALSE
gbm.org.br,Other,,FALSE
gbot.med.br,Other,,FALSE
gcbeneficios.com.br,Other,,FALSE
gcene.com,Other,,FALSE
gcs-web.com,Other,,FALSE
geadfono.com.br,Other,,FALSE
geap.org.br,Other,,FALSE
geicam.org,Other,,FALSE
geisinger.org,Other,,FALSE
gelbe-liste.de,Earned Media,Earned Media Global,FALSE
geledes.org.br,Institutions,Institution BR,FALSE
gencat.cat,Institutions,Institution Global,FALSE
genclingenom.com,Other,,FALSE
gene.com,Competition,,FALSE
geneclin.com.br,Other,,FALSE
geneid.com.br,Other,,FALSE
genengnews.com,Earned Media,Earned Media Global,FALSE
genentech-access.com,Other,,FALSE
genera.com.br,Other,,FALSE
genesisgenomics.com.br,Other,,FALSE
genesispf.com.br,Other,,FALSE
geneticacanina.com,Other,,FALSE
geneticanaescola.com.br,Other,,FALSE
genetics.edu.au,Institutions,Institution Global,FALSE
genetika.com.br,Other,,FALSE
genialcare.com.br,Other,,FALSE
genomalaboratorio.com.br,Other,,FALSE
genome.gov,Institutions,Institution Global,FALSE
genomefoundation.in,Other,,FALSE
genomenon.com,Other,,FALSE
genomic.com.br,Other,,FALSE
genotipia.com,Other,,FALSE
genotyping.com.br,Other,,FALSE
genteseguradora.com.br,Other,,FALSE
gentest.com.br,Other,,FALSE
geocities.ws,Social,,FALSE
georgemark.org,Institutions,Institution Global,FALSE
georgia.gov,Institutions,Institution Global,FALSE
georgiacancerinfo.org,Institutions,Institution Global,FALSE
georgiaradiationtherapy.com,Other,,FALSE
geracaoc3.com,Other,,FALSE
gerardotrindade.com.br,Other,,FALSE
gerarinvitro.com.br,Other,,FALSE
germanodesousa.com,Other,,FALSE
gestaouniversitaria.com.br,Other,,FALSE
gestlifesurrogacy.com,Other,,FALSE
gestoriluminacaopublica.com.br,Other,,FALSE
gesundheitsinformation.de,Institutions,Institution Global,FALSE
getclarimed.com,Other,,FALSE
getmaple.ca,Other,,FALSE
getmov.org,Other,,FALSE
getnet.com.br,Other,,FALSE
ggmed.ru,Other,,FALSE
ghc-j.com,Other,,FALSE
gianluccaheroicontraame.com.br,Other,,FALSE
gigalekarna.cz,Other,,FALSE
gileadpro.com.br,Other,,FALSE
gillettechildrens.org,Institutions,Institution Global,FALSE
gimjournal.org,Earned Media,Earned Media Global,FALSE
ginecoemasto.com.br,Other,,FALSE
ginecologistaeobstetra.com.br,Other,,FALSE
ginecomastiatratamento.com.br,Other,,FALSE
ginger.healthcare,Other,,FALSE
giornaleitalianodinefrologia.it,Institutions,Institution Global,FALSE
giselemaldonado.com,Other,,FALSE
giselleburgarelli.com,Other,,FALSE
gknsaude.com.br,Other,HCP,FALSE
glafabra.com,Other,,FALSE
glamour.com,Earned Media,Earned Media Global,FALSE
glcortopedia.com.br,Other,,FALSE
gleneagleshospitals.co.in,Other,,FALSE
glezer.adv.br,Other,,FALSE
glianeurologia.com.br,Other,HCP,FALSE
globalacademicnursing.com,Other,,FALSE
globalaesthetic.net,Other,,FALSE
globalcertificationforum.org,Other,,FALSE
globalexames.com.br,Other,,FALSE
globalfarma.com.br,Other,,FALSE
globalgenes.org,Institutions,Institution Global,FALSE
globalkidneyalliance.org,Institutions,Institution Global,FALSE
globalmedicamentos.com.br,Other,,FALSE
globalpointofcare.abbott,Other,,FALSE
globenewswire.com,PR Wire,,FALSE
globo.com,Earned Media,Earned Media BR,FALSE
glomcon.org,Institutions,Institution Global,FALSE
glomtalk.com,Other,,FALSE
gloshospitals.nhs.uk,Institutions,Institution Global,FALSE
glowm.com,Institutions,Institution Global,FALSE
glucas.adv.br,Other,,FALSE
gmarcosadvogados.com.br,Other,,FALSE
gna.it.com,Earned Media,Earned Media Global,FALSE
gndi.com.br,Other,,FALSE
gndiminas.com.br,Other,,FALSE
gndisul.com.br,Other,,FALSE
gntech.med.br,Other,,FALSE
go-fit.pt,Other,,FALSE
go-saude.pt,Other,,FALSE
go.gov.br,Institutions,Institution BR,FALSE
go.leg.br,Other,,FALSE
gob.mx,Institutions,Institution Global,FALSE
goesedurradvocacia.com.br,Other,,FALSE
goethe.de,Institutions,Institution Global,FALSE
goias.gov.br,Institutions,Institution BR,FALSE
goias246.com.br,Earned Media,Earned Media BR,FALSE
gokigeriatria.com.br,Other,,FALSE
goldanalisa.com.br,Other,,FALSE
goldies.com.br,Other,,FALSE
goldlabvet.com,Other,,FALSE
gondomedica.pt,Other,,FALSE
goodrx.com,Other,,FALSE
google.com,Other,,FALSE
gosh.nhs.uk,Institutions,Institution Global,FALSE
gov.br,Institutions,Institution BR,FALSE
gov.il,Institutions,Institution Global,FALSE
gov.mt,Institutions,Institution Global,FALSE
gov.ns.ca,Other,,FALSE
gov.pt,Institutions,Institution Global,FALSE
gov.uk,Institutions,Institution Global,FALSE
govdelivery.com,Other,,FALSE
gp1.com.br,Earned Media,Earned Media Global,FALSE
gpmed.app,Other,,FALSE
gpnotebook.com,Earned Media,Earned Media Global,FALSE
gpoh.de,Institutions,Institution Global,FALSE
gpsbrasilia.com.br,Other,,FALSE
gracielathisen.com.br,Other,,FALSE
gradyhealth.org,Institutions,Institution Global,FALSE
grancursosonline.com.br,Other,,FALSE
grandavefamilymed.com,Other,,FALSE
grandepicos.com.br,Other,,FALSE
grandha.com.br,Other,,FALSE
grassimendes.com.br,Other,,FALSE
grazielecervantes.com.br,Other,,FALSE
gregoiregularte.adv.br,Other,,FALSE
grendacc.org.br,Other,,FALSE
gringo.com.vc,Other,,FALSE
grnews.com.br,Earned Media,Earned Media BR,FALSE
groupsoftware.com.br,Other,,FALSE
growkudos.com,Other,,FALSE
grupoahora.net.br,Earned Media,Earned Media BR,FALSE
grupoamosaude.com.br,Other,HCP,FALSE
grupoassociativogasp.com.br,Other,,FALSE
grupoato.wixsite.com,Other,,FALSE
grupocapilar.com.br,Other,,FALSE
grupodeoncologiapalop.com,Other,,FALSE
grupohpa.com,Other,,FALSE
grupokovalent.com.br,Other,,FALSE
grupolaborvidasc.com.br,Other,,FALSE
grupolutapelavida.org.br,Other,,FALSE
grupomama.com.br,Other,HCP,FALSE
grupomast.com.br,Other,,FALSE
grupomedcof.com.br,Other,,FALSE
grupomidia.com,Other,,FALSE
grupooncoclinicas.com,Other,,FALSE
grupopardini.com.br,Other,,FALSE
gruporecovery.com,Other,,FALSE
gruposanta.com.br,Other,,FALSE
gruposantacasadefranca.com.br,Other,,FALSE
gruposaolucas.com.br,Other,,FALSE
gruposhbrasil.com.br,Other,,FALSE
gruposolti.org,Other,,FALSE
grupotiradentes.com,Other,,FALSE
grupounibra.com,Institutions,Institution Global,FALSE
gsk.com,Other,,FALSE
gtagenda2030.org.br,Institutions,Institution BR,FALSE
gtavaresadv.com.br,Other,,FALSE
guiadafarmacia.com.br,Earned Media,Earned Media BR,FALSE
guiadeeconomiapessoal.com.br,Earned Media,Earned Media BR,FALSE
guiadobebe.com.br,Other,,FALSE
guiadosplanosdesaude.com.br,Earned Media,Earned Media BR,FALSE
guiaprev.com,Other,,FALSE
guiasdesaude.com.br,Other,HCP,FALSE
guiatrabalhista.com.br,Earned Media,Earned Media BR,FALSE
guidelinecentral.com,Earned Media,Earned Media Global,FALSE
guidelinegenius.com,Other,,FALSE
guidetopharmacology.org,Institutions,Institution Global,FALSE
guilhermecanabravauro.com.br,Other,,FALSE
guilhermeguardiamattar.com.br,Other,,FALSE
guilhermenamur.com.br,Other,,FALSE
guilhermenovita.com.br,Other,HCP,FALSE
guilhermeogawa.com.br,Other,HCP,FALSE
guilhermeravanini.com.br,Other,,FALSE
gullon.pt,Other,,FALSE
gupy.io,Other,,FALSE
gustavoferreiranefro.com.br,Other,HCP,FALSE
gustavoguerrero.com.br,Other,,FALSE
gustavosaurologia.com.br,Other,HCP,FALSE
gustavovascular.com.br,Other,,FALSE
gutembergamorim.com.br,Other,,FALSE
guysandstthomas.nhs.uk,Institutions,Institution Global,FALSE
gva.es,Institutions,Institution Global,FALSE
gwrymca.org,Institutions,Institution Global,FALSE
gynnoticias.com.br,Other,,FALSE
h9j.com.br,Other,,FALSE
ha.org.hk,Institutions,Institution Global,FALSE
haddadastolfi.com.br,Other,,FALSE
haidarurologia.com.br,Other,HCP,FALSE
hainstitutosociocultural.com.br,Other,,FALSE
hal.science,Institutions,Institution Global,FALSE
hamonir.com.br,Other,,FALSE
handtherapyclinicsydney.com.au,Other,,FALSE
hapvida.com.br,Other,,FALSE
haroldojuacaba.com.br,Other,,FALSE
harvard.edu,Institutions,Institution Global,FALSE
has-sante.fr,Institutions,Institution Global,FALSE
hcancer.com.br,Other,,FALSE
hcanmt.com.br,Other,,FALSE
hcb.org.br,Other,,FALSE
hcf.com.au,Other,,FALSE
hcgoncology.com,Other,,FALSE
hcitajuba.org.br,Other,,FALSE
hcor.com.br,Other,,FALSE
hcp.org.br,Other,,FALSE
hcpa.edu.br,Other,,FALSE
hcplive.com,Earned Media,Earned Media Global,FALSE
healingpharma.in,Other,,FALSE
healio.com,Earned Media,Earned Media Global,FALSE
health.com,Earned Media,Earned Media Global,FALSE
health.gov.au,Institutions,Institution Global,FALSE
health.mil,Institutions,Institution Global,FALSE
healthalliance.org,Other,,FALSE
healthandpharma.net,Earned Media,Earned Media Global,FALSE
healthbooktimes.org,Earned Media,Earned Media Global,FALSE
healthcentral.com,Earned Media,Earned Media Global,FALSE
healthcheckbox.com,Other,,FALSE
healthdirect.gov.au,Institutions,Institution Global,FALSE
healthencyclo.com,Earned Media,Earned Media Global,FALSE
healthengine.com.au,Other,,FALSE
healthgrades.com,Other,,FALSE
healthincode.com,Other,,FALSE
healthlab.com.br,Earned Media,Earned Media BR,FALSE
healthlabs.com,Other,,FALSE
healthline.com,Earned Media,Earned Media Global,FALSE
healthmapsolutions.com,Other,,FALSE
healthmatters.io,Other,,FALSE
healthnet.com,Other,,FALSE
healthnews.pt,Earned Media,Earned Media Global,FALSE
healthpartners.com,Other,,FALSE
healthtree.org,Institutions,Institution Global,FALSE
healthunlocked.com,Other,,FALSE
healthy-heart.org,Institutions,Institution Global,FALSE
healthybluenc.com,Other,,FALSE
healthyturkiye.com,Other,,FALSE
healthywomen.org,Institutions,Institution Global,FALSE
healz.ai,Other,,FALSE
heartfailurematters.org,Institutions,Institution Global,FALSE
hebertcapucinefrologista.com.br,Other,HCP,FALSE
hee.nhs.uk,Institutions,Institution Global,FALSE
hefc.org.br,Other,,FALSE
helloclue.com,Other,,FALSE
heloisacampos.com.br,Other,,FALSE
helphopelive.org,Institutions,Institution Global,FALSE
hematologyadvisor.com,Earned Media,Earned Media Global,FALSE
hematologyandoncology.net,Earned Media,Earned Media Global,FALSE
hemolabvicosa.com.br,Other,,FALSE
hemomeeting.com,Other,,FALSE
hemonc.org,Earned Media,Earned Media Global,FALSE
henriquelima.com.br,Other,,FALSE
henriquenoronha.com.br,Other,,FALSE
henryford.com,Other,,FALSE
hepatogastro.com.br,Other,,FALSE
hepatologistafortaleza.com.br,Other,,FALSE
heraldopenaccess.us,Earned Media,Earned Media Global,FALSE
heraonline.com.br,Other,,FALSE
herceptin.com,Other,,FALSE
heritagehospitals.com,Other,,FALSE
hermespardini.com.br,Other,,FALSE
herveltcesar.com.br,Earned Media,Earned Media BR,FALSE
hevilinassisnutricionista.com.br,Other,,FALSE
hey.nhs.uk,Institutions,Institution Global,FALSE
heyzine.com,Other,,FALSE
hfoa.org.br,Other,,FALSE
hh.ru,Other,,FALSE
hi7.co,Other,,FALSE
hicmaterdei.com.br,Other,,FALSE
highmark.com,Other,,FALSE
hilab.com.br,Other,,FALSE
hindujahospital.com,Other,,FALSE
hionmedbrasil.com.br,Other,,FALSE
hipnose.com.br,Institutions,Institution BR,FALSE
hisarhospital.com,Other,,FALSE
historiasderoma.com,Other,,FALSE
hjsc.com.br,Other,,FALSE
hkcfp.org.hk,Other,,FALSE
hkjpaed.org,Other,,FALSE
hkscmd.com,Other,,FALSE
hmhospitales.com,Other,,FALSE
hmpgloballearningnetwork.com,Earned Media,Earned Media Global,FALSE
hmsijaboticabal.com.br,Other,,FALSE
hnckidney.com,Other,,FALSE
hnsg.org.br,Other,,FALSE
hnt.com.br,Earned Media,Earned Media BR,FALSE
hojeemdia.com.br,Earned Media,Earned Media BR,FALSE
hojemais.com.br,Other,,FALSE
holafly.com,Other,,FALSE
hollister.com.br,Other,,FALSE
holmesplace.com,Other,,FALSE
homecarehospital.com.br,Other,,FALSE
homecarevidas.com.br,Other,,FALSE
homedoctor.com.br,Other,,FALSE
homomedicus.com,Earned Media,Earned Media Global,FALSE
honcology.com,Other,,FALSE
hong.com.br,Other,,FALSE
hoparx.org,Institutions,Institution Global,FALSE
hopefortwo.org,Other,,FALSE
hopkinsmedicine.org,Institutions,Institution Global,FALSE
horizonscangeneesmiddelen.nl,Institutions,Institution Global,FALSE
hospidio.com,Other,,FALSE
hospitalaguasclaras.com.br,Other,,FALSE
hospitalalvorada.com.br,Other,,FALSE
hospitalamazonia.com.br,Other,,FALSE
hospitalangelinacaron.org.br,Other,,FALSE
hospitalazambuja.com.br,Other,,FALSE
hospitalbadim.com.br,Other,,FALSE
hospitalbrasilia.com.br,Other,,FALSE
hospitalcerta.com.br,Other,,FALSE
hospitalcliom.com.br,Other,,FALSE
hospitalcostantini.com.br,Other,,FALSE
hospitalcruzvermelha.pt,Other,,FALSE
hospitaldaluz.pt,Other,,FALSE
hospitaldamulhersp.org.br,Other,,FALSE
hospitaldeamor.com.br,Other,,FALSE
hospitaldecruzilia.com.br,Other,,FALSE
hospitaldiamavie.com.br,Other,,FALSE
hospitaldofuturo.today,Other,,FALSE
hospitalflavioleal.org.br,Other,,FALSE
hospitaligesp.com.br,Other,,FALSE
hospitalimigrantes.com.br,Other,,FALSE
hospitalis.com.br,Other,,FALSE
hospitalmacarena.es,Other,,FALSE
hospitalmarialucinda.org,Other,,FALSE
hospitalmoinhos.org.br,Other,,FALSE
hospitaloswaldocruz.org.br,Other,,FALSE
hospitalpilar.com.br,Other,,FALSE
hospitalpresidente.com.br,Other,,FALSE
hospitalrevitalite.com.br,Other,,FALSE
hospitalsaha.com.br,Other,,FALSE
hospitalsantajulia.com.br,Other,,FALSE
hospitalsantamonica.com.br,Other,,FALSE
hospitalsantamonicaunai.com.br,Other,,FALSE
hospitalsaocamilosp.org.br,Other,,FALSE
hospitalsaofrancisco.org.br,Other,,FALSE
hospitalsaojudastadeu.com.br,Other,,FALSE
hospitalsiriolibanes.org.br,Institutions,Institution BR,FALSE
hospitaltacchini.com.br,Other,,FALSE
hospvet.com.br,Other,,FALSE
hotmart.com,Other,,FALSE
houstonchronicle.com,Earned Media,Earned Media Global,FALSE
houstonmethodist.org,Institutions,Institution Global,FALSE
hpam.com.br,Other,,FALSE
hpfb-dgpsa.ca,Earned Media,Earned Media Global,FALSE
hportugues.com.br,Other,,FALSE
hpra.ie,Institutions,Institution Global,FALSE
hra.nhs.uk,Institutions,Institution Global,FALSE
hrcpassos.org.br,Other,,FALSE
hrdiagnostic.in,Other,,FALSE
hres.ca,Other,,FALSE
hrim.com.br,Other,,FALSE
hrsa.gov,Institutions,Institution Global,FALSE
hrtgb.org,Other,,FALSE
hsa.gov.sg,Institutions,Institution Global,FALSE
hsan.com.br,Other,,FALSE
hse.ie,Institutions,Institution Global,FALSE
hsjose.com.br,Other,,FALSE
hsl.org.br,Other,,FALSE
hsp-pharma.com,Other,,FALSE
hsvp.com.br,Other,,FALSE
hsvp.org.br,Other,,FALSE
htct.com.br,Institutions,Institution BR,FALSE
hubrasilia.com.br,Other,,FALSE
hubspotusercontent30.net,Other,,FALSE
huggies.com.br,Other,,FALSE
huhsp.org.br,Other,,FALSE
humanlife.com.br,Other,,FALSE
humolyte.com,Other,,FALSE
huntington-disease.org,Institutions,Institution Global,FALSE
huntington.com.br,Other,,FALSE
hyunmyoung.co.kr,Other,,FALSE
iacv.med.br,Other,HCP,FALSE
iameong.com.br,Other,,FALSE
ianasaude.com.br,Other,HCP,FALSE
iapcrs.com.br,Other,,FALSE
iapo.org.uk,Institutions,Institution Global,FALSE
iasios.org,Other,,FALSE
iatrox.com,Other,,FALSE
iats.com.br,Other,,FALSE
ibac.com.br,Other,,FALSE
ibanet.org,Institutions,Institution Global,FALSE
ibcc.org.br,Other,,FALSE
ibccrim.org.br,Institutions,Institution BR,FALSE
ibdfam.org.br,Institutions,Institution BR,FALSE
iberomagistral.com.br,Other,,FALSE
ibft.com.br,Other,,FALSE
ibi.ong.br,Other,,FALSE
ibict.br,Institutions,Institution BR,FALSE
ibiz.com.br,Other,,FALSE
ibm.com,Other,,FALSE
ibrance.com,Other,,FALSE
ibrate.edu.br,Other,,FALSE
ibrra.com.br,Other,,FALSE
icb.nhs.uk,Institutions,Institution Global,FALSE
icc.org.br,Other,,FALSE
icer.org,Institutions,Institution Global,FALSE
icesp.org.br,Other,,FALSE
ichgcp.net,Institutions,Institution Global,FALSE
iclinic.com.br,Other,,FALSE
icliniq.com,Other,,FALSE
icnapedia.org,Institutions,Institution Global,FALSE
icons4u.com.br,Other,,FALSE
icr.ac.uk,Institutions,Institution Global,FALSE
icrim.org.br,Other,,TRUE
ictq.com.br,Other,,FALSE
idealist.org,Institutions,Institution Global,FALSE
idec.org.br,Institutions,Institution BR,FALSE
ident.com.br,Other,,FALSE
idepi.com.br,Other,,FALSE
idfa.org.au,Other,,FALSE
idigestivo.com.br,Other,,FALSE
idis.org.br,Institutions,Institution BR,FALSE
idososcomdignidade.com.br,Earned Media,Earned Media BR,FALSE
idtech.org.br,Institutions,Institution BR,FALSE
iec.gov.br,Institutions,Institution BR,FALSE
iefp.pt,Institutions,Institution Global,FALSE
ielusc.br,Other,,FALSE
ifb.edu.br,Other,,FALSE
ifes.edu.br,Institutions,Institution BR,FALSE
ifrs.edu.br,Institutions,Institution BR,FALSE
ifsc.edu.br,Institutions,Institution BR,FALSE
ifto.edu.br,Institutions,Institution BR,FALSE
ig.com.br,Earned Media,Earned Media BR,FALSE
igan.org,Institutions,Institution Global,FALSE
iganclarity.com,Earned Media,Earned Media Global,FALSE
igeim.org.br,Other,,FALSE
igenomix.com,Other,,FALSE
igenomix.com.br,Other,,FALSE
igpt.org.br,Other,,FALSE
igvb.org,Other,,FALSE
ihi.org,Institutions,Institution Global,FALSE
iiab.me,Other,,FALSE
iiarjournals.org,Institutions,Institution Global,FALSE
ijc.blog.br,Other,,FALSE
ijc.org.br,Institutions,Institution BR,FALSE
ijcap.in,Institutions,Institution Global,FALSE
ijoma.org,Other,,FALSE
ikaros.com.br,Other,,FALSE
ikonopedia.com,Other,,FALSE
ikropsch.wixsite.com,Other,,FALSE
iliveok.com,Earned Media,Earned Media Global,FALSE
ilustrado.com.br,Earned Media,Earned Media BR,FALSE
imagerebornfoundation.org,Institutions,Institution Global,FALSE
imama.org.br,Other,,TRUE
imasto.com.br,Other,,FALSE
imcamp.com.br,Other,,FALSE
imccore.com.br,Other,,FALSE
ime.events,Other,,FALSE
imeb.com.br,Other,,FALSE
imedic.health,Earned Media,Earned Media Global,FALSE
imedicina.com.br,Other,,FALSE
imedmedical.com,Other,,FALSE
imip.org.br,Institutions,Institution BR,FALSE
imirante.com,Earned Media,Earned Media Global,FALSE
immedicohospitalario.es,Earned Media,Earned Media Global,FALSE
immunogenic.com.br,Other,,FALSE
imoc.com.br,Other,,FALSE
impactfederalhealth.com,Other,,FALSE
imparcial.com.br,Earned Media,Earned Media BR,FALSE
importafarma.com.br,Other,,FALSE
imprensabrasilia.com,Earned Media,Earned Media Global,FALSE
imprensams.com.br,Other,,FALSE
imprensapublica.com.br,Earned Media,Earned Media BR,FALSE
improveinternational.com,Other,,FALSE
in.gov.br,Other,,FALSE
inaff.org.br,Institutions,Institution BR,FALSE
inahta.org,Institutions,Institution Global,FALSE
iname.org.br,Institutions,Institution BR,TRUE
inca.gov.br,Institutions,Institution BR,FALSE
incavoluntario.org.br,Other,,FALSE
incitefulmed.com,Other,,FALSE
incluo.com.br,Other,,FALSE
incopaulista.com.br,Other,,FALSE
incorporecentromedico.com.br,Other,,FALSE
ind-neuro.com.br,Other,,FALSE
indeed.com,Other,,FALSE
indeksonline.net,Earned Media,Earned Media Global,FALSE
independente.com.br,Other,,FALSE
indianjnephrol.org,Institutions,Institution Global,FALSE
indiatimes.com,Earned Media,Earned Media Global,FALSE
indice.eu,Earned Media,Earned Media Global,FALSE
inebsaude.com.br,Other,HCP,FALSE
inephro.com.br,Other,,FALSE
inervus.com.br,Other,,FALSE
inesul.edu.br,Institutions,Institution BR,FALSE
ineuro.es,Other,,FALSE
ineuro.med.br,Other,,FALSE
infarmed.pt,Institutions,Institution Global,FALSE
infectocast.com.br,Other,,FALSE
infectologia.org.br,Other,,FALSE
infobae.com,Earned Media,Earned Media Global,FALSE
infocancro.pt,Other,,FALSE
infocons.ro,Institutions,Institution Global,FALSE
infojobs.com.br,Other,,FALSE
infolabmed.com,Earned Media,Earned Media Global,FALSE
infomama.com.br,Other,,FALSE
infomoney.com.br,Earned Media,Earned Media BR,FALSE
infonet.com.br,Earned Media,Earned Media BR,FALSE
infopedia.pt,Earned Media,Earned Media Global,FALSE
informacann.com.br,Other,,FALSE
informaticsjournals.co.in,Institutions,Institution Global,FALSE
infospedia.com,Earned Media,Earned Media Global,FALSE
infotestadn.com,Other,,FALSE
infusoes.com.br,Other,,FALSE
ingoh.com.br,Other,,FALSE
ingracio.adv.br,Other,,FALSE
ingridluckmann.com.br,Other,,FALSE
inhire.com.br,Other,,FALSE
inisp.com.br,Other,HCP,FALSE
initiative-sma.de,Other,,FALSE
inklua.com,Other,,FALSE
inmedonline.com.br,Other,,FALSE
inml.com.br,Other,,FALSE
inn.org.br,Other,,FALSE
innovationnewsnetwork.com,Earned Media,Earned Media Global,FALSE
inonutricao.com,Other,,FALSE
inopat.com.br,Other,,FALSE
inovacuidado.org.br,Other,,FALSE
inovafarma.com.br,Other,,FALSE
inovaveterinaria.com.br,Other,,FALSE
insideprecisionmedicine.com,Earned Media,Earned Media Global,FALSE
insightmed-comms.com,Other,,FALSE
inspirali.com,Other,,FALSE
inspiraliposmedicina.com,Other,,FALSE
inspire.com,Other,,FALSE
instagram.com,Social,,FALSE
instamedsaude.com.br,Other,HCP,FALSE
institut-myologie.org,Institutions,Institution Global,FALSE
instituto-oncoclinicas.org.br,Other,,FALSE
institutoameminas.org,Other,,FALSE
institutoamericas.org,Other,,FALSE
institutoavon.org.br,Other,,FALSE
institutocamaleao.org,Other,,FALSE
institutocdt.com.br,Other,,FALSE
institutocisnebarueri.org.br,Other,,FALSE
institutoclaro.org.br,Institutions,Institution BR,FALSE
institutocristinamartins.com.br,Other,,FALSE
institutodamama.com.br,Other,,FALSE
institutodaprostata.com,Other,,FALSE
institutodelongevidade.org,Institutions,Institution Global,FALSE
institutodontologicoame.com.br,Other,,FALSE
institutodrfrancinaldo.com.br,Other,HCP,FALSE
institutoendovascular.com.br,Other,,FALSE
institutogestare.com.br,Other,,FALSE
institutogourmet.com,Other,,FALSE
institutolabinas.com.br,Other,,FALSE
institutolg.com.br,Other,,FALSE
institutomavie.com.br,Other,,FALSE
institutonatura.org,Other,,FALSE
institutoneonatale.com.br,Other,,FALSE
institutoneuroprime.com.br,Other,,FALSE
institutoneurosaber.com.br,Institutions,Institution BR,FALSE
institutonovavida.org,Other,,FALSE
institutopaulojose.com.br,Other,,FALSE
institutopauloreis.com.br,Other,,FALSE
institutopensi.org.br,Institutions,Institution BR,FALSE
institutoprotea.org.br,Other,,FALSE
institutoradion.com.br,Other,,FALSE
institutorim.com.br,Other,,FALSE
institutoroosevelt.com,Other,,FALSE
institutorv.com.br,Other,,FALSE
institutosante.com.br,Other,,FALSE
institutosaopellegrino.com.br,Other,,FALSE
institutoser.com.br,Other,,FALSE
institutosingular.org,Other,,FALSE
institutotrata.com.br,Other,,FALSE
institutovascular.com.br,Other,,FALSE
insurancebrokersusa.com,Other,,FALSE
insurancecorp.com.br,Earned Media,Earned Media BR,FALSE
intechopen.com,Institutions,Institution Global,FALSE
integralmed.com.br,Other,,FALSE
integrate-atmp.de,Institutions,Institution Global,FALSE
integrativapet.com.br,Other,,FALSE
intelbras.com,Other,,FALSE
intellectia.ai,Other,,FALSE
interfarma.org.br,Other,,FALSE
interfisio.com.br,Other,,FALSE
intermed.com,Other,,FALSE
interplastclinic.com,Other,,FALSE
interplayers.com.br,Other,,FALSE
intertox.com.br,Other,,FALSE
intervirradiologia.com.br,Other,,FALSE
interviva.com.br,Other,,FALSE
intimaterose.com,Other,,FALSE
intramed.net,Earned Media,Earned Media Global,FALSE
intrometendo.com.br,Other,,FALSE
investing.com,Earned Media,Earned Media Global,FALSE
investingnews.com,Earned Media,Earned Media Global,FALSE
investnews.com.br,Earned Media,Earned Media BR,FALSE
investopedia.com,Earned Media,Earned Media Global,FALSE
investors.com,Earned Media,Earned Media Global,FALSE
invezz.com,Earned Media,Earned Media Global,FALSE
invicta.pt,Other,,FALSE
invineuroreabilitacao.com.br,Other,,FALSE
invoxmedical.com,Other,,FALSE
iociindia.com,Other,,FALSE
ioi.med.br,Other,,FALSE
iol.pt,Earned Media,Earned Media Global,FALSE
iomacae.com.br,Other,,FALSE
ioncm.org.br,Other,,FALSE
ionco.com.br,Other,,FALSE
ioocsc.com.br,Other,,FALSE
iop.com.br,Other,,FALSE
ioraoncologia.com.br,Other,,FALSE
iosr.med.br,Other,,FALSE
ipconcologia.com.br,Other,,FALSE
ipdj.gov.pt,Institutions,Institution Global,FALSE
ipea.gov.br,Institutions,Institution BR,FALSE
ipface.pt,Other,,FALSE
ipgo.com.br,Other,,FALSE
ipoconcologia.com.br,Other,HCP,FALSE
ipoporto.pt,Other,,FALSE
ipp.pt,Institutions,Institution Global,FALSE
ipr.pt,Other,,FALSE
iptaruma.org.br,Other,,FALSE
iqwig.de,Institutions,Institution Global,FALSE
irlenmenezes.com.br,Other,,FALSE
irssl.org.br,Other,,FALSE
isabelmascarenhas.adv.br,Other,,FALSE
isanidad.com,Earned Media,Earned Media Global,FALSE
isciii.es,Institutions,Institution Global,FALSE
iscte-iul.pt,Institutions,Institution Global,FALSE
ismep.com.br,Other,,FALSE
ispch.gob.cl,Institutions,Institution Global,FALSE
ispon.com.br,Other,,FALSE
ispor.org,Institutions,Institution Global,FALSE
israelpharm.com,Other,,FALSE
iss-sic.com,Other,,FALSE
istanbultupbebek.com.tr,Other,,FALSE
isthisphoneblocked.net.au,Other,,FALSE
istitutogentili.com,Other,,FALSE
istoe.com.br,Earned Media,Earned Media BR,FALSE
istoedinheiro.com.br,Earned Media,Earned Media BR,FALSE
itaci.org.br,Other,,FALSE
itatiaia.com.br,Earned Media,Earned Media BR,FALSE
itorres.com.br,Other,,FALSE
itv.com,Earned Media,Earned Media Global,FALSE
itvisma.com,Other,,FALSE
iucr.com.br,Other,,FALSE
iun.com.br,Other,,FALSE
iupac.org,Institutions,Institution Global,FALSE
ivanfurtado.com.br,Other,,FALSE
ivi.net.br,Other,,FALSE
ivi.pt,Other,,FALSE
iweventos.com.br,Other,,FALSE
iwmello.com.br,Other,,FALSE
jacksoncareconnect.org,Institutions,Institution Global,FALSE
jacksonhealth.org,Other,,FALSE
jacomeadvocacia.com.br,Other,,FALSE
jadadvocacia.com.br,Other,,FALSE
jadpro.com,Earned Media,Earned Media Global,FALSE
jaff.org.br,Institutions,Institution BR,FALSE
jamanetwork.com,Earned Media,Earned Media Global,FALSE
jamescrespo.com.br,Other,,FALSE
jangada.online,Earned Media,Earned Media Global,FALSE
jb.com.br,Earned Media,Earned Media BR,FALSE
jbes.com.br,Institutions,Institution BR,FALSE
jcbarbi.com.br,Other,,FALSE
jcol.org.br,Other,,FALSE
jcs.pt,Other,,FALSE
jeen.health,Other,,FALSE
jefferson.edu,Institutions,Institution Global,FALSE
jeffersonhealthplans.com,Other,,FALSE
jeitto.com.br,Other,,FALSE
jessicamasto.com,Other,,FALSE
jet.com.br,Other,,FALSE
jeunon.com.br,Other,,FALSE
jfal.jus.br,Other,,FALSE
jfce.jus.br,Other,,FALSE
jfes.jus.br,Other,,FALSE
jfsc.jus.br,Other,,FALSE
jhoponline.com,Earned Media,Earned Media Global,FALSE
jinentai.com,Other,,FALSE
jkshoppingdf.com.br,Other,,FALSE
jle.com,Institutions,Institution Global,FALSE
jmartinscirurgiaplastica.pt,Other,,FALSE
jmcp.org,Institutions,Institution Global,FALSE
jmonline.com.br,Earned Media,Earned Media BR,FALSE
jmphc.com.br,Institutions,Institution BR,FALSE
jnccn.org,Institutions,Institution Global,FALSE
jnj.com,Other,,FALSE
jnjinnovativemedicineinfocenter.com,Other,,FALSE
jns-journal.com,Institutions,Institution Global,FALSE
joaocarlospinheiro.adv.br,Other,,FALSE
jobtoday.com,Other,,FALSE
johnshopkins.edu,Institutions,Institution Global,FALSE
jonathanurologia.com.br,Other,HCP,FALSE
jons-online.com,Institutions,Institution Global,FALSE
joov.com.br,Other,,FALSE
jornalcotiaagora.com.br,Other,,FALSE
jornalcruzeiro.com.br,Earned Media,Earned Media BR,FALSE
jornaldafranca.com.br,Earned Media,Earned Media BR,FALSE
jornaldaorla.com.br,Earned Media,Earned Media BR,FALSE
jornaldaparaiba.com.br,Earned Media,Earned Media BR,FALSE
jornaldebeltrao.com.br,Earned Media,Earned Media BR,FALSE
jornaldebrasilia.com.br,Earned Media,Earned Media BR,FALSE
jornaldeitirapina.com.br,Other,,FALSE
jornaldobras.com.br,Earned Media,Earned Media BR,FALSE
jornaldocomercio.com,Earned Media,Earned Media Global,FALSE
jornaldomar.com.br,Other,,FALSE
jornaldopovoparana.com.br,Earned Media,Earned Media BR,FALSE
jornaldosertao.com.br,Other,,FALSE
jornale.com.br,Other,,FALSE
jornaleconomicoempresarial.pt,Other,,FALSE
jornalforcadovale.com.br,Other,,FALSE
jornalgrandebahia.com.br,Earned Media,Earned Media BR,FALSE
jornalismojunior.com.br,Earned Media,Earned Media BR,FALSE
jornalistainclusivo.com,Other,,FALSE
jornaloalegrense.com.br,Other,,FALSE
jornaloimpacto.com.br,Other,,FALSE
jornalopcao.com.br,Earned Media,Earned Media BR,FALSE
jornalopiniao.net,Other,,FALSE
jornalpolopaulistano.com.br,Other,,FALSE
jornalraiox.com.br,Other,,FALSE
jornalviamao.com.br,Other,,FALSE
jornalznorte.com.br,Earned Media,Earned Media BR,FALSE
joseguimas.adv.br,Other,,FALSE
jota.info,Earned Media,Earned Media BR,FALSE
journal-of-hepatology.eu,Institutions,Institution Global,FALSE
journalfeed.org,Earned Media,Earned Media Global,FALSE
journalijdr.com,Institutions,Institution Global,FALSE
journalmbr.com.br,Institutions,Institution BR,FALSE
journalmed.de,Earned Media,Earned Media Global,FALSE
journalpulmonology.org,Institutions,Institution Global,FALSE
jove.com,Institutions,Institution Global,FALSE
jovempan.com.br,Earned Media,Earned Media BR,FALSE
jped.com.br,Institutions,Institution BR,FALSE
jrqmed.com.br,Other,,FALSE
jscreen.org,Other,,FALSE
juicysantos.com.br,Earned Media,Earned Media BR,FALSE
juliabarbi.com.br,Other,,FALSE
julianabeal.com.br,Other,HCP,FALSE
julianaominelli.com.br,Other,,FALSE
julianapastore.com.br,Other,,FALSE
julianatoma.com.br,Other,HCP,FALSE
juniperpublishers.com,Institutions,Institution Global,FALSE
juntospelaame.com.br,Other,,FALSE
juntospelorim.com.br,Other,,FALSE
juntosporlaame.com.co,Other,,FALSE
juntossomosmaisfortes.org.br,Other,,TRUE
juntosvamosmaislonge.ong.br,Other,,FALSE
jurishand.com,Other,,FALSE
jurishealth.com.br,Other,,FALSE
juristas.com.br,Earned Media,Earned Media BR,FALSE
jusbrasil.com.br,Other,,FALSE
jusdocs.com,Other,,FALSE
justicaesaude.com.br,Other,,FALSE
jusvita.com.br,Other,,FALSE
jusvital.com.br,Other,,FALSE
jw.org,Institutions,Institution Global,FALSE
kachi.com.br,Other,,FALSE
kairosweb.com,Other,,FALSE
kaiserpermanente.org,Other,,FALSE
kamolhospital.com,Other,,FALSE
kantesti.net,Other,,FALSE
karger.com,Institutions,Institution Global,FALSE
karlasantone.com.br,Other,,FALSE
kasvi.com.br,Other,,FALSE
katlinpizzo.com.br,Other,,FALSE
kauveryhospitalsbangalore.com,Other,,FALSE
kavout.com,Other,,FALSE
kbdca.or.kr,Other,,FALSE
kcl.ac.uk,Institutions,Institution Global,FALSE
kdigo.org,Institutions,Institution Global,FALSE
keionline.org,Institutions,Institution Global,FALSE
kenhub.com,Other,,FALSE
keytocgd.com,Other,,FALSE
kfz-dietrich.com,Other,,FALSE
khanacademy.org,Institutions,Institution Global,FALSE
khccares.com,Other,,FALSE
kicasereports.org,Other,,FALSE
kidney-hub.org,Other,,FALSE
kidney-international.org,Institutions,Institution Global,FALSE
kidney.ca,Institutions,Institution Global,FALSE
kidney.org,Institutions,Institution Global,FALSE
kidney.org.au,Institutions,Institution Global,FALSE
kidney.org.uk,Institutions,Institution Global,FALSE
kidneycareuk.org,Institutions,Institution Global,FALSE
kidneycentremumbai.com,Other,,FALSE
kidneydiet.com,Other,,FALSE
kidneyeducation.com,Institutions,Institution Global,FALSE
kidneyfund.org,Institutions,Institution Global,FALSE
kidneyhope.com,Other,,FALSE
kidneyhypertension.net,Other,,FALSE
kidneyla.org,Institutions,Institution Global,FALSE
kidneymedicinejournal.org,Institutions,Institution Global,FALSE
kidneynews.org,Institutions,Institution Global,FALSE
kidneyresearchuk.org,Institutions,Institution Global,FALSE
kidshealth.org,Institutions,Institution Global,FALSE
kiertsman.com.br,Other,,FALSE
kireports.org,Institutions,Institution Global,FALSE
kireportscommunity.org,Institutions,Institution Global,FALSE
kisqali-hcp.com,Owned,Owned Global,FALSE
kisqali.com,Owned,Owned Global,FALSE
kisupplements.org,Other,,FALSE
kliciagarcia.com.br,Other,,FALSE
klinischestudien.at,Other,,FALSE
kobiadvogados.com.br,Other,,FALSE
koetzadvocacia.com.br,Other,,FALSE
kolekarhospital.com,Other,,FALSE
komen.org,Institutions,Institution Global,FALSE
komputerswiat.pl,Earned Media,Earned Media Global,FALSE
kondzilla.com,Other,,FALSE
koreabiomed.com,Earned Media,Earned Media Global,FALSE
kozma.com.br,Other,,FALSE
krcp-ksn.org,Institutions,Institution Global,FALSE
krebshilfe.de,Institutions,Institution Global,FALSE
krebsinformationsdienst.de,Institutions,Institution Global,FALSE
ks.gov,Institutions,Institution Global,FALSE
ksosn.com,Other,,FALSE
ktrmedical.com.br,Other,HCP,FALSE
kucancercenter.org,Institutions,Institution Global,FALSE
kultivi.com,Other,,FALSE
kununu.com,Other,,FALSE
la.gov,Institutions,Institution Global,FALSE
lab2bio.com.br,Other,,FALSE
labcen.com.br,Other,,FALSE
labcenterto.com.br,Other,,FALSE
labcorp.com,Other,,FALSE
labdiagnostico.com.br,Other,,FALSE
labellevieps.com,Other,,FALSE
labiexames.com.br,Other,,FALSE
labiotech.eu,Earned Media,Earned Media Global,FALSE
labjuliovargas.com.br,Other,,FALSE
lablue.com,Other,,FALSE
labmedica.es,Earned Media,Earned Media Global,FALSE
labnetwork.com.br,Other,,FALSE
labolace.com.br,Other,,FALSE
laboratorioathena.com.br,Other,,FALSE
laboratoriobehring.com.br,Other,,FALSE
laboratoriobiomedic.com.br,Other,,FALSE
laboratorioburigo.com.br,Other,,FALSE
laboratoriocarloschagas.com.br,Other,,FALSE
laboratoriodombosco.com.br,Other,,FALSE
laboratorioexamemoc.com.br,Other,,FALSE
laboratoriofernandopolis.com.br,Other,,FALSE
laboratoriofranceschi.com.br,Other,,FALSE
laboratoriogenoma.com.br,Other,,FALSE
laboratoriogilles.com.br,Other,,FALSE
laboratoriogoes.com.br,Other,,FALSE
laboratoriojoaopaulo.com.br,Other,,FALSE
laboratoriomontserrat.com.br,Other,,FALSE
laboratorioprevent.com.br,Other,,FALSE
laboratoriosantaclara.com.br,Other,,FALSE
laboratoriosaogeronimo.com.br,Other,,FALSE
laboratoriosaovicente.com.br,Other,,FALSE
laboratoriosc.com.br,Other,,FALSE
laboratoriovitoria.com.br,Other,,FALSE
laboreonline.com,Other,,FALSE
labpedia.net,Institutions,Institution Global,FALSE
labsaad.com.br,Other,,FALSE
labsabin.com.br,Other,,FALSE
labsamais.com.br,Other,,FALSE
labsantacecilia.com.br,Other,,FALSE
labsca.com.br,Other,,FALSE
labsl.com.br,Other,,FALSE
labtestsonline.org.br,Other,,FALSE
labvicentino.com.br,Other,,FALSE
labvital.com.br,Other,,FALSE
ladoaladopelavida.org.br,Institutions,Institution BR,TRUE
laegemiddelstyrelsen.dk,Institutions,Institution Global,FALSE
laes-haes.com.br,Earned Media,Earned Media BR,FALSE
lafelab.com.br,Other,,FALSE
lagartavirapupa.com.br,Other,,FALSE
laminatemedical.com,Other,,FALSE
lapinha.com.br,Other,,FALSE
laraadvogados.adv.br,Other,,FALSE
laringomalacia.org,Other,,FALSE
larissabitencourt.com.br,Other,,FALSE
laroche-posay.com.br,Other,,FALSE
larvol.com,Other,,FALSE
latinamericanpublicacoes.com.br,Earned Media,Earned Media BR,FALSE
lavitrials.app,Other,,FALSE
lbbc.org,Institutions,Institution Global,FALSE
lbs.adv.br,Other,,FALSE
lcfamerica.org,Institutions,Institution Global,FALSE
lcl.med.br,Other,,FALSE
learnlooklocate.com,Earned Media,Earned Media Global,FALSE
leben-mit-brustkrebs.de,Other,,FALSE
leboncoin.fr,Other,,FALSE
lecturio.com,Other,,FALSE
ledermanconsulting.com.br,Other,,FALSE
leedsth.nhs.uk,Institutions,Institution Global,FALSE
lefigaro.fr,Earned Media,Earned Media Global,FALSE
lefisc.com.br,Other,,FALSE
leforte.com.br,Other,,FALSE
lefosse.com,Other,,FALSE
legale.com.br,Other,,FALSE
legalmentearmado.com.br,Other,,FALSE
legalpass.com,Other,,FALSE
legalstart.fr,Other,,FALSE
legismap.com.br,Other,,FALSE
leisestaduais.com.br,Other,,FALSE
leiturinha.com.br,Other,,FALSE
lemosleite.adv.br,Other,,FALSE
lenmed.co.za,Other,,FALSE
leoriella.com,Other,,FALSE
leouve.com.br,Earned Media,Earned Media BR,FALSE
lequotidiendumedecin.fr,Earned Media,Earned Media Global,FALSE
leukaemia.org.au,Institutions,Institution Global,FALSE
levels.com,Other,,FALSE
leveluprn.com,Other,,FALSE
levesaude.com.br,Other,HCP,FALSE
levittamedicamentos.com.br,Other,,FALSE
lfafirstresponse.com.au,Other,,FALSE
libanoeducacional.com.br,Other,,FALSE
liberius.com.br,Other,,FALSE
libertaddigital.com,Earned Media,Earned Media Global,FALSE
liberumaccesum.com.br,Other,,FALSE
libretexts.org,Institutions,Institution BR,FALSE
lidsen.com,Institutions,Institution Global,FALSE
lifecompare.ie,Other,,FALSE
lifegenomics.com.br,Other,,FALSE
lifehealthcare.co.za,Other,,FALSE
liferaftgroup.org,Institutions,Institution Global,FALSE
lifesciencedaily.news,Earned Media,Earned Media Global,FALSE
lifestars.com.br,Other,,FALSE
lifestylemed.net,Other,,FALSE
ligacombateaocancer.org.br,Other,,FALSE
ligacontracancro.pt,Other,,FALSE
ligacontraocancer.com.br,Other,,TRUE
ligadonosul.com.br,Other,,FALSE
ligafemininaczo.com.br,Other,,FALSE
ligafemininars.org.br,Other,,FALSE
liguecancer.ch,Institutions,Institution Global,FALSE
lihastautiliitto.fi,Other,,FALSE
likluc.com.br,Other,,FALSE
lilly.com,Competition,,FALSE
lillymelhorparavoce.com.br,Other,,FALSE
limaepereira.com.br,Other,,FALSE
lindenbergcancer.com,Other,,FALSE
linguabrasil.com.br,Other,,FALSE
linguaminha.com.br,Other,,FALSE
linguee.pt,Other,,FALSE
linkedin.com,Social,,FALSE
lipodistrofiaparcial.com.br,Other,,FALSE
lippicontabil.com.br,Other,,FALSE
liriocatolico.com.br,Other,,FALSE
lisclinica.com.br,Other,,FALSE
listtas.com,Other,,FALSE
litfl.com,Earned Media,Earned Media Global,FALSE
lithealth.com.br,Earned Media,Earned Media BR,FALSE
livasahospitals.com,Other,,FALSE
livescience.com,Earned Media,Earned Media Global,FALSE
livestrong.org,Institutions,Institution Global,FALSE
liveutifree.com,Institutions,Institution Global,FALSE
livhospital.com,Other,,FALSE
liviasperandio.com.br,Other,,FALSE
liviaviccari.com.br,Other,,FALSE
living.tech,Other,,FALSE
livingwithc3g-icmpgn.com,Other,,FALSE
livingwithcopd.com,Other,,FALSE
lmrcirurgiaplastica.pt,Other,,FALSE
lobularbreastcancer.org,Institutions,Institution Global,FALSE
localo.site,Other,,FALSE
lockton.com,Other,,FALSE
lojadoscabelos.pt,Other,,FALSE
lojagatoevida.com.br,Other,,FALSE
lojaortopedica.pt,Other,,FALSE
lojawcup.com.br,Other,,FALSE
lollobrigidaadvocacia.com.br,Other,,FALSE
londonkidney.ca,Other,,FALSE
londonmedical.co.uk,Other,,FALSE
londonpregnancy.com,Other,,FALSE
longevity.technology,Earned Media,Earned Media Global,FALSE
longevitytoday.com,Earned Media,Earned Media Global,FALSE
lopesegiorno.com.br,Other,,FALSE
loreal-paris.com.br,Other,,FALSE
lorealparis.pt,Other,,FALSE
lovecomfortstore.com,Other,,FALSE
lowninstitute.org,Institutions,Institution Global,FALSE
lshtm.ac.uk,Institutions,Institution Global,FALSE
luanmazzaadvocacia.com.br,Other,,FALSE
lucasfragaurologia.com.br,Other,HCP,FALSE
lucasfurtado.com.br,Other,HCP,FALSE
lucianamoliterno.com.br,Other,,FALSE
lucianapepino.com.br,Other,,FALSE
luciorequiao.com.br,Other,,FALSE
lucius-pharmaceuticals.com,Other,,FALSE
luizakobemastologista.com,Other,,FALSE
luizaugustowestin.com.br,Other,,FALSE
luizgualmeida.github.io,Other,,FALSE
luiztenorio.com.br,Other,,FALSE
luminusseguros.com.br,Other,,FALSE
lungpapers.com.br,Other,,FALSE
lupuscare.com.br,Other,,FALSE
lupusplus.com,Institutions,Institution Global,FALSE
luras.life,Other,,FALSE
lusiadas.pt,Other,,FALSE
luxliving.hk,Other,,FALSE
lww.com,Earned Media,Earned Media Global,FALSE
lybrate.com,Other,,FALSE
lymphoma.org.au,Institutions,Institution Global,FALSE
m2farma.com,Other,,FALSE
m3bs.com.br,Other,,FALSE
ma.gov.br,Institutions,Institution BR,FALSE
macenasilva.com.br,Other,,FALSE
machadovilar.com,Other,,FALSE
machaondiagnostics.com,Other,,FALSE
mackenzie.br,Institutions,Institution BR,FALSE
macmillan.org.uk,Institutions,Institution Global,FALSE
macsforcancer.com,Other,,FALSE
macys.com,Other,,FALSE
madhubankidneycare.com,Other,,FALSE
madinbrasil.org,Institutions,Institution Global,FALSE
maededeus.com.br,Other,,FALSE
maestrus.com,Other,,FALSE
magazinemedica.com.br,Other,HCP,FALSE
magnethastanesi.com.tr,Other,,FALSE
magnetosur.com,Other,,FALSE
magnusrossi.com.br,Other,,FALSE
magonlinelibrary.com,Earned Media,Earned Media Global,FALSE
mahoneyplasticsurgery.ca,Other,,FALSE
maida.health,Other,,FALSE
mainlinehealth.org,Other,,FALSE
maiscabello.com.br,Other,,FALSE
maisgoias.com.br,Earned Media,Earned Media BR,FALSE
maisquecuidar.com,Other,,FALSE
makadu.live,Other,,FALSE
malattierare.gov.it,Other,,FALSE
malwarebytes.com,Other,,FALSE
mamahealth.com,Other,,FALSE
mamarec.com.br,Other,,FALSE
mamasdoamor.org.br,Other,,TRUE
mammamia-online.de,Earned Media,Earned Media Global,FALSE
mamografiasalva.com.br,Other,,FALSE
man.adv.br,Other,,FALSE
managedhealthcareexecutive.com,Earned Media,Earned Media Global,FALSE
manchetesaude.com.br,Other,,FALSE
manhattanmedicalarts.com,Other,,FALSE
manipalhospitals.com,Other,,FALSE
mantacares.com,Other,,FALSE
manualdousuario.net,Earned Media,Earned Media Global,FALSE
manualofmedicine.com,Earned Media,Earned Media Global,FALSE
manuals.plus,Earned Media,Earned Media Global,FALSE
manufacturingchemist.com,Earned Media,Earned Media Global,FALSE
maosdemaes.org.br,Other,,FALSE
marcaspelomundo.com.br,Earned Media,Earned Media BR,FALSE
marcelacammarota.com.br,Other,,FALSE
marcelalima.adv.br,Other,,FALSE
marcellerosaadvocacia.com,Other,,FALSE
marcellobenevides.com,Other,,FALSE
marcellojardim.com.br,Other,,FALSE
marcelmolon.com.br,Other,,FALSE
marcelobello.com.br,Other,,FALSE
marceloborsari.adv.br,Other,,FALSE
marcelolamberti.com.br,Other,,FALSE
marcelopavan.com.br,Other,,FALSE
marceloreumatologista.com.br,Other,HCP,FALSE
marcianoanghinoni.med.br,Other,,FALSE
marcoantoniorocha.com.br,Other,,FALSE
marcoazul.org.br,Other,,FALSE
marcosbritto.com,Other,,FALSE
marcoslucon.com.br,Other,,FALSE
marcushubaide.com.br,Other,,FALSE
mari.med.br,Other,,FALSE
marianadaaldeiaadvogados.com.br,Other,,FALSE
marianagato.com.br,Other,,FALSE
marianefontesmd.com.br,Other,,FALSE
mariateixeiraadv.com.br,Other,,FALSE
mariecurie.org.uk,Institutions,Institution Global,FALSE
marilindafernandes.adv.br,Other,,FALSE
marinabach.com.br,Other,,FALSE
marionegri.it,Institutions,Institution Global,FALSE
mariopenna.org.br,Institutions,Institution BR,FALSE
marista.edu.mx,Institutions,Institution Global,FALSE
marketbeat.com,Earned Media,Earned Media Global,FALSE
marketscreener.com,Earned Media,Earned Media Global,FALSE
marksparksolutions.com,Other,,FALSE
marlonmonarim.com.br,Other,,FALSE
marnewtonpinheiro.med.br,Other,,FALSE
marsaude.com.br,Other,HCP,FALSE
martinellisaude.adv.br,Other,HCP,FALSE
martinhagoadv.com.br,Other,,FALSE
martinlab.net,Other,,FALSE
marybird.org,Institutions,Institution Global,FALSE
marylandoncology.com,Other,,FALSE
massgeneral.org,Institutions,Institution Global,FALSE
massgeneralbrigham.org,Institutions,Institution Global,FALSE
massgeneralbrighamhealthplan.org,Other,,FALSE
massivebio.com,Other,,FALSE
massotebrasileiro.com.br,Other,,FALSE
mastectomia.com.br,Other,,FALSE
mastereditora.com.br,Earned Media,Earned Media BR,FALSE
masterhealth.com.br,Other,,FALSE
mastocollab.com.br,Other,,FALSE
mastologiaesaudedamulher.com,Other,HCP,FALSE
mastologiasaopaulo.com.br,Other,HCP,FALSE
mastologistadrgiuliano.com.br,Other,HCP,FALSE
mastologistaemsaopaulo.com.br,Other,HCP,FALSE
mastologistasaopaulo.com.br,Other,HCP,FALSE
mastology.org,Other,,FALSE
materdei.com.br,Other,,FALSE
maternidadebrasilia.com.br,Other,,FALSE
materprime.com.br,Other,,FALSE
mathaonline.com,Other,,FALSE
matheusalvares.com.br,Other,,FALSE
matheustriliconeurologia.com.br,Other,HCP,FALSE
mathiasgrohe.com.br,Other,,FALSE
mattosfilho.com.br,Other,,FALSE
mavensurgery.com.sg,Other,,FALSE
maxhealthcare.in,Other,,FALSE
maxima.pt,Earned Media,Earned Media Global,FALSE
maxtitanium.com.br,Other,,FALSE
mayoclinic.org,Institutions,Institution Global,FALSE
mayocliniclabs.com,Institutions,Institution Global,FALSE
mayoclinicproceedings.org,Institutions,Institution Global,FALSE
mbcalliance.org,Institutions,Institution Global,FALSE
mbcure.org,Other,,FALSE
mccorreia.org,Other,,FALSE
mckesson.com,Other,,FALSE
mda.org,Institutions,Institution Global,FALSE
mdaconference.org,Institutions,Institution Global,FALSE
mdanderson.org,Institutions,Institution Global,FALSE
mdantas.adv.br,Other,,FALSE
mdaquest.org,Institutions,Institution Global,FALSE
mdbf.com.br,Earned Media,Earned Media BR,FALSE
mdcalc.com,Earned Media,Earned Media Global,FALSE
mdedge.com,Earned Media,Earned Media Global,FALSE
mdhealth.com.br,Other,,FALSE
mdnewsline.com,Earned Media,Earned Media Global,FALSE
mdpi.com,Institutions,Institution Global,FALSE
mds.gov.br,Institutions,Institution BR,FALSE
mdsaude.com,Earned Media,Earned Media BR,FALSE
mdsearchlight.com,Earned Media,Earned Media Global,FALSE
mdsgroup.com.br,Other,,FALSE
me.med.br,Other,,FALSE
meassociation.org.uk,Institutions,Institution Global,FALSE
med-br.com,Earned Media,Earned Media Global,FALSE
med-br.net,Other,,FALSE
med-hub.pt,Other,,FALSE
med.club,Other,,FALSE
medanta.org,Other,,FALSE
medaptly.com,Other,,FALSE
medcases.io,Other,,FALSE
medcel.com.br,Other,,FALSE
medcentral.com,Earned Media,Earned Media Global,FALSE
medcentralhub.com,Other,,FALSE
medcitynews.com,Earned Media,Earned Media Global,FALSE
medcode.com.br,Other,,FALSE
medcommshydhosting.com,Other,,FALSE
medconsonline.com,Other,,FALSE
medcorcardiologia.com.br,Other,,FALSE
medesportepapers.com.br,Other,,FALSE
medevento.com.br,Other,,FALSE
medi.com.br,Other,,FALSE
medicaid.gov,Institutions,Institution Global,FALSE
medical-express.ru,Other,,FALSE
medicaldialogues.in,Earned Media,Earned Media Global,FALSE
medicalforummonthly.com,Institutions,Institution Global,FALSE
medicalindependent.ie,Earned Media,Earned Media Global,FALSE
medicalnewstoday.com,Earned Media,Earned Media Global,FALSE
medicalpointinternational.com,Other,,FALSE
medicalupdateonline.com,Earned Media,Earned Media Global,FALSE
medicalxpress.com,Earned Media,Earned Media Global,FALSE
medicamastologista.com.br,Other,,FALSE
medicamentos.app,Other,,FALSE
medicare.gov,Institutions,Institution Global,FALSE
medicare.pt,Other,,FALSE
mediccurso.com.br,Other,,FALSE
medicheck.med.br,Other,,FALSE
medichub.ro,Earned Media,Earned Media Global,FALSE
medicinabuenosaires.com,Institutions,Institution Global,FALSE
medicinaconsulta.com.br,Earned Media,Earned Media BR,FALSE
medicinadoesporte.org.br,Other,,FALSE
medicinaintegralpa.com.br,Other,HCP,FALSE
medicinapaliativa.pt,Other,,FALSE
medicinasa.com.br,Earned Media,Earned Media BR,FALSE
medicinaveterinariaemfoco.com.br,Other,HCP,FALSE
medicinenet.com,Earned Media,Earned Media Global,FALSE
medicineofme.com,Earned Media,Earned Media Global,FALSE
medicineonline.es,Other,,FALSE
medicines.org.uk,Earned Media,Earned Media Global,FALSE
medicinestoday.org,Other,,FALSE
medicoepaziente.it,Earned Media,Earned Media Global,FALSE
medicoexperts.com,Other,,FALSE
mediconanet.pt,Other,,FALSE
medicoresponde.com.br,Other,HCP,FALSE
medicosbrasil.com,Other,,FALSE
medicourologistasp.com.br,Other,HCP,FALSE
medicover-genetics.com,Other,,FALSE
medicoverhospitals.in,Other,,FALSE
medicsupply.com.br,Other,,FALSE
medigence.com,Other,,FALSE
medika.com.br,Other,,FALSE
medikabazaar.com,Other,,FALSE
mediktor.com,Other,,FALSE
medinaguimaraes.site,Other,,FALSE
medipocketusa.com,Other,,FALSE
medirite.co.za,Other,,FALSE
medis.pt,Other,,FALSE
mediwaymedical.com,Other,,FALSE
medizinonline.com,Earned Media,Earned Media BR,FALSE
medjuridico.com.br,Other,,FALSE
medlarsaude.com.br,Other,,FALSE
medley.com.br,Other,,FALSE
medlibrary.org,Earned Media,Earned Media Global,FALSE
medlineplus.gov,Institutions,Institution Global,FALSE
medlink.com,Earned Media,Earned Media Global,FALSE
medmaispara.com.br,Other,,FALSE
medmentoria.com,Other,,FALSE
mednous.com,Earned Media,Earned Media Global,FALSE
medpagetoday.com,Earned Media,Earned Media Global,FALSE
medparkhospital.com,Other,,FALSE
medpath.com,Other,,FALSE
medpedia.com.br,Other,,FALSE
medprev.online,Other,,FALSE
medriocheck-up.com.br,Other,HCP,FALSE
medrxiv.org,Institutions,Institution Global,FALSE
meds.is,Earned Media,Earned Media Global,FALSE
medscape.com,Earned Media,Earned Media Global,FALSE
medscape.org,Earned Media,Earned Media Global,FALSE
medsci.vn,Other,,FALSE
medsenior.com.br,Other,,FALSE
medsinfo.com.au,Earned Media,Earned Media Global,FALSE
medsmonk.com,Other,,FALSE
medspartner.com,Other,,FALSE
medsurgeindia.com,Other,,FALSE
medtask.com.br,Other,,FALSE
medthority.com,Other,,FALSE
medtl.net,Other,,FALSE
medtrata.com.br,Other,,FALSE
medwatch.com,Earned Media,Earned Media Global,FALSE
medway.com.br,Other,,FALSE
meetaugust.ai,Other,,FALSE
mef2cfoundation.com,Other,,FALSE
megaimagem.com.br,Other,,FALSE
meimei.org.br,Other,,FALSE
meioemensagem.com.br,Earned Media,Earned Media BR,FALSE
meionews.com,Earned Media,Earned Media Global,FALSE
mekari.com,Other,,FALSE
melanoma.org.au,Institutions,Institution Global,FALSE
melanomabrasil.org,Other,,FALSE
melbournebreastcancersurgery.com.au,Other,,FALSE
melhoresescolasmedicas.com,Other,,FALSE
melloadvogados.com.br,Other,,FALSE
mellofurtado.adv.br,Other,,FALSE
memberclicks.net,Other,,FALSE
memoriaviva.com.br,Other,,FALSE
mendelics.com.br,Other,,FALSE
menopausaprecoce.com.br,Other,,FALSE
mepoupe.com,Earned Media,Earned Media Global,FALSE
mercadoeconsumo.com.br,Earned Media,Earned Media BR,FALSE
mercadolivre.com.br,Other,,FALSE
mercadopago.com.br,Other,,FALSE
merckgroup.com,Other,,FALSE
merckmanuals.com,Other,,FALSE
mercy.com,Other,,FALSE
merkelcell.org,Earned Media,Earned Media Global,FALSE
merriam-webster.com,Earned Media,Earned Media Global,FALSE
meskodiasadvogados.com,Other,,FALSE
mespoir.com,Other,,FALSE
methodoslab.com.br,Other,,FALSE
metro1.com.br,Earned Media,Earned Media BR,FALSE
metropoles.com,Earned Media,Earned Media BR,FALSE
metropolisindia.com,Other,,FALSE
metropolitankidney.com,Other,,FALSE
meudna.com,Other,,FALSE
meuguiaoncologia.com.br,Other,,FALSE
meujoelho.com.br,Other,,FALSE
meulaboratorio.com,Other,,FALSE
meuritual.com.br,Other,,FALSE
meutudo.com.br,Other,,FALSE
meuvalordigital.com.br,Earned Media,Earned Media BR,FALSE
meuvinho.com.br,Other,,FALSE
meyer.it,Institutions,Institution Global,FALSE
mg.gov.br,Institutions,Institution BR,FALSE
mg.leg.br,Institutions,Institution BR,FALSE
mgfamiliar.net,Other,,FALSE
mhmedical.com,Other,,FALSE
miastenia.com.br,Other,,FALSE
michiganmedicine.org,Institutions,Institution Global,FALSE
micromed.health,Other,,FALSE
microsoft.com,Other,,FALSE
midiamax.com.br,Earned Media,Earned Media BR,FALSE
migalhas.com.br,Earned Media,Earned Media BR,FALSE
miglimed.com.br,Other,,FALSE
mikeysway.org,Other,,FALSE
min-saude.pt,Institutions,Institution Global,FALSE
minhavida.com.br,Earned Media,Earned Media BR,FALSE
miniwebtool.com,Earned Media,Earned Media Global,FALSE
minutomt.com.br,Earned Media,Earned Media BR,FALSE
minutosaudavel.com.br,Earned Media,Earned Media BR,FALSE
mipmed.com,Other,,FALSE
missionmrcog.com,Other,,FALSE
mitera.com.br,Other,,FALSE
mitohealth.com,Other,,FALSE
mitrurologyassociates.com,Other,,FALSE
mittechreview.com.br,Earned Media,Earned Media BR,FALSE
mizu-app.com,Other,,FALSE
mlhospital.co.kr,Other,,FALSE
mmm-online.com,Earned Media,Earned Media Global,FALSE
mo.gov,Institutions,Institution Global,FALSE
mobiuslife.com.br,Other,,FALSE
mocbrasil.com,Other,,FALSE
modamada.com.br,Other,,FALSE
modasemcrise.com.br,Earned Media,Earned Media BR,FALSE
modeloinicial.com.br,Earned Media,Earned Media BR,FALSE
modoparites.com.br,Other,,FALSE
moemasantana.com.br,Other,,FALSE
moffitt.org,Institutions,Institution Global,FALSE
molinahealthcare.com,Other,,FALSE
molinamarketplace.com,Other,,FALSE
momentosaude.com.br,Earned Media,Earned Media BR,FALSE
mondiplo.com,Earned Media,Earned Media Global,FALSE
moneytimes.com.br,Earned Media,Earned Media BR,FALSE
monitormercantil.com.br,Earned Media,Earned Media BR,FALSE
montanhascapixabas.com.br,Other,,FALSE
monteiroakl.com.br,Other,,FALSE
montepio.org,Other,,FALSE
monument.health,Other,,FALSE
morarsenior.com.br,Other,,FALSE
mordorintelligence.com,Other,,FALSE
moreiraeponciano.com.br,Other,,FALSE
moreirajunioradv.com.br,Other,,FALSE
morellidavila.adv.br,Other,,FALSE
morningstar.com,Other,,FALSE
motherhoodindia.com,Other,,FALSE
motiva.health,Other,,FALSE
motoro.ch,Other,,FALSE
motsa.com.br,Other,,FALSE
mountsinai.org,Institutions,Institution Global,FALSE
movacoluna.com.br,Other,,FALSE
move2up.com.br,Other,,FALSE
movimentoduchenne.com.br,Other,,FALSE
movimentopelasmamas.com.br,Other,,FALSE
movimentosaude.com.br,Earned Media,Earned Media BR,FALSE
mozeradvogados.com.br,Other,,FALSE
mozocare.com,Other,,FALSE
mpf.mp.br,Institutions,Institution BR,FALSE
mpgnddd.org,Institutions,Institution Global,FALSE
mpgo.mp.br,Other,,FALSE
mpmt.mp.br,Institutions,Institution BR,FALSE
mppa.mp.br,Other,,FALSE
mppr.mp.br,Institutions,Institution BR,FALSE
mprs.mp.br,Institutions,Institution BR,FALSE
mpsc.mp.br,Institutions,Institution BR,FALSE
mpse.mp.br,Other,,FALSE
mrcc.org.uk,Other,,FALSE
ms.gov.br,Institutions,Institution BR,FALSE
msd.com.br,Competition,,FALSE
msd.es,Other,,FALSE
msdclinicaltrials.com,Other,,FALSE
msdmanuals.com,Other,,FALSE
msdvetmanual.com,Other,,FALSE
msf.org.br,Other,,FALSE
msho.org,Institutions,Institution Global,FALSE
msjoinville.com.br,Other,,FALSE
mskcc.org,Institutions,Institution Global,FALSE
msktc.org,Institutions,Institution Global,FALSE
msn.com,Earned Media,Earned Media Global,FALSE
msu.edu,Institutions,Institution Global,FALSE
msvida.com.br,Other,,FALSE
mt.def.br,Other,,FALSE
mt.gov.br,Institutions,Institution BR,FALSE
mtec-sc.org,Other,,FALSE
mtmamma.com.br,Other,,TRUE
muitossomosraros.com.br,Other,,TRUE
mujica.org,Other,,FALSE
mulherconsciente.com.br,Other,,FALSE
mulheresjornalistas.com,Other,,FALSE
multicare.org,Institutions,Institution Global,FALSE
multifam.com.br,Other,,FALSE
multiscreensite.com,Other,,FALSE
multivu.com,Other,,FALSE
mundiblue.com,Other,,FALSE
mundoboaforma.com.br,Earned Media,Earned Media BR,FALSE
mundodosvistos.com.br,Other,,FALSE
mundopsicologos.com,Other,,FALSE
murilovasconcellos.com.br,Other,,FALSE
musculardystrophyuk.org,Institutions,Institution Global,FALSE
musechem.com,Other,,FALSE
mustela.com.br,Other,,FALSE
myasthenia.org,Institutions,Institution Global,FALSE
myastrazeneca.pt,Other,,FALSE
mybcteam.com,Other,,FALSE
mydr.com.au,Earned Media,Earned Media Global,FALSE
myeloma.org.br,Other,,FALSE
mygvhdteam.com,Other,,FALSE
myhealth1st.com.au,Other,,FALSE
myhealthdatapath.ca,Institutions,Institution Global,FALSE
myhealthlibrary.com.sg,Other,,FALSE
myhealthlondon.nhs.uk,Institutions,Institution Global,FALSE
mykidneydiseaseteam.com,Other,,FALSE
mykidneyjourney.com,Other,,FALSE
mylolis.com,Other,,FALSE
mymedfarma.com,Other,,FALSE
mymedicineadvisor.com,Earned Media,Earned Media Global,FALSE
mymoment.pt,Other,,FALSE
myogenetica.com.br,Other,,FALSE
myos.pt,Other,,FALSE
mypathologyreport.ca,Institutions,Institution Global,FALSE
mypatientadvice.co.uk,Earned Media,Earned Media Global,FALSE
mypnhteam.com,Other,,FALSE
myrx.care,Other,,FALSE
myrxadvantage.com,Other,,FALSE
mysmateam.com,Other,,FALSE
mziq.com,Other,,FALSE
naaccr.org,Institutions,Institution Global,FALSE
nabexigamandoeu.pt,Other,,FALSE
nacionalnet.com.br,Other,,FALSE
nakanoadvogados.com.br,Other,,FALSE
nancyegasparini.com.br,Other,,FALSE
narayanahealth.org,Other,,FALSE
nasajon.com.br,Other,,FALSE
nascimentopeixotoadv.com.br,Other,,FALSE
naspec.org.br,Other,,FALSE
nataliaschnitman.com.br,Other,,FALSE
nataliasoriani.adv.br,Other,,FALSE
natcofarma.com,Other,,FALSE
nationalbreastcancer.org,Institutions,Institution Global,FALSE
nationalgeographicbrasil.com,Earned Media,Earned Media Global,FALSE
nationwidechildrens.org,Institutions,Institution Global,FALSE
natura.com.br,Other,,FALSE
nature.com,Institutions,Institution Global,FALSE
navlindaily.com,Earned Media,Earned Media Global,FALSE
nbcnews.com,Earned Media,Earned Media Global,FALSE
ncbcardiologia.com.br,Other,,FALSE
nccn.org,Institutions,Institution Global,FALSE
ncdhhs.gov,Institutions,Institution Global,FALSE
ncgindia.org,Institutions,Institution Global,FALSE
ncl.ac.uk,Institutions,Institution Global,FALSE
ncoda.org,Other,,FALSE
ncsu.edu,Institutions,Institution Global,FALSE
ncvnews.com.br,Other,,FALSE
ndmais.com.br,Earned Media,Earned Media BR,FALSE
nefroatual.com.br,Other,HCP,FALSE
nefroclinica.com,Other,,FALSE
nefroclinicagoiania.com.br,Other,HCP,FALSE
nefroclinicas.com.br,Other,HCP,FALSE
nefrocor.com.br,Other,HCP,FALSE
nefrohome.com.br,Other,HCP,FALSE
nefroirinaantunes.com.br,Other,HCP,FALSE
nefrolife.com.br,Other,HCP,FALSE
nefrolilianakassar.com.br,Other,HCP,FALSE
nefrologia.com.pt,Other,,FALSE
nefrologia.med.br,Other,HCP,FALSE
nefrologiaaldia.org,Institutions,Institution Global,FALSE
nefrologistagoiania.com.br,Other,HCP,FALSE
nefrologistahelga.com.br,Other,HCP,FALSE
nefromayarabueno.com.br,Other,HCP,FALSE
nefropediatria.com,Other,,FALSE
nefropos.com.br,Other,HCP,FALSE
nefrostar.com,Other,,FALSE
nefrovida.pt,Other,,FALSE
nejm.org,Institutions,Institution Global,FALSE
neoaccess.med.br,Other,,FALSE
neocenter.com.br,Other,,FALSE
neocure.com,Other,,FALSE
neodocs.in,Other,,FALSE
neofeed.com.br,Earned Media,Earned Media BR,FALSE
neoimagemradiologia.com.br,Other,,FALSE
neomama.org.br,Other,,TRUE
neon.com.br,Other,,FALSE
neoonco.com.br,Other,,FALSE
neoplasiaslitoral.com.br,Other,,FALSE
neoquimica.com.br,Other,,FALSE
neosaude.com,Other,,FALSE
neouro.com.br,Other,,FALSE
nephcure.org,Institutions,Institution Global,FALSE
nephdocs.com,Other,,FALSE
nephjc.com,Earned Media,Earned Media Global,FALSE
nephrocare.com,Other,,FALSE
nephrologychicago.com,Other,,FALSE
nephrologyhouston.com,Other,,FALSE
nephronpower.com,Other,,FALSE
nephropathol.com,Institutions,Institution Global,FALSE
nephroplus.com,Other,,FALSE
nestlefamilynes.com.br,Other,,FALSE
nestleoncologia.com.br,Other,,FALSE
netcpa.com.br,Earned Media,Earned Media BR,FALSE
netflix.com,Other,,FALSE
netmd.org,Earned Media,Earned Media Global,FALSE
netshoes.com.br,Other,,FALSE
netsync.com,Other,,FALSE
neupsykey.com,Earned Media,Earned Media Global,FALSE
neurocirurgiaodrirlon.com.br,Other,,FALSE
neuroflux.com.br,Other,,FALSE
neuroftalmo.com.br,Other,,FALSE
neurolife.com.br,Other,,FALSE
neurologiaepsiquiatria.com.br,Other,,FALSE
neurologiaesono.com.br,Other,HCP,FALSE
neurologica.com.br,Other,HCP,FALSE
neurologistagoiania.com.br,Other,HCP,FALSE
neurologistasp.com.br,Other,HCP,FALSE
neurology-asia.org,Institutions,Institution Global,FALSE
neurology.org,Institutions,Institution Global,FALSE
neurologyadvisor.com,Earned Media,Earned Media Global,FALSE
neurologylive.com,Earned Media,Earned Media Global,FALSE
neurolum.com.br,Other,,FALSE
neuromed-import.com,Other,,FALSE
neuropediatria.pt,Other,,FALSE
neurorafaelmaia.com.br,Other,,FALSE
neuroronan.com,Other,,FALSE
neurovida.pt,Other,,FALSE
nevadacancercoalition.org,Institutions,Institution Global,FALSE
nevesdiagnostico.com.br,Other,,FALSE
newbornscreening.info,Institutions,Institution Global,FALSE
newdrugapprovals.org,Earned Media,Earned Media Global,FALSE
news-medical.net,Earned Media,Earned Media Global,FALSE
news.med.br,Other,,FALSE
newsciencepubl.com,Institutions,Institution Global,FALSE
newslab.com.br,Earned Media,Earned Media BR,FALSE
newsrondonia.com.br,Earned Media,Earned Media BR,FALSE
newsweek.com,Earned Media,Earned Media Global,FALSE
newswire.ca,PR Wire,,FALSE
newswise.com,Earned Media,Earned Media Global,FALSE
newtampaurology.com,Other,,FALSE
newyorkoncology.com,Other,,FALSE
nexapediatrics.com.br,Other,HCP,FALSE
nexojornal.com.br,Earned Media,Earned Media BR,FALSE
nfcr.org,Institutions,Institution Global,FALSE
nhpri.org,Other,,FALSE
nhs.uk,Institutions,Institution Global,FALSE
nhsinform.scot,Institutions,Institution Global,FALSE
nice.org.uk,Institutions,Institution Global,FALSE
nicklauschildrens.org,Institutions,Institution Global,FALSE
nih.gov,Institutions,Institution Global,FALSE
nihr.ac.uk,Institutions,Institution Global,FALSE
nilofrantz.com.br,Other,,FALSE
nine.com.au,Earned Media,Earned Media Global,FALSE
niprobrasil.com.br,Other,,FALSE
niroggyan.com,Other,,FALSE
nirogilanka.com,Earned Media,Earned Media Global,FALSE
nisbenefits.com,Other,,FALSE
nit.pt,Earned Media,Earned Media Global,FALSE
nivele.com.br,Other,,FALSE
njmonline.nl,Earned Media,Earned Media Global,FALSE
nkf.li,Other,,FALSE
nm.org,Other,,FALSE
nmc.or.kr,Other,,FALSE
nmd-journal.com,Institutions,Institution Global,FALSE
nmdp.org,Institutions,Institution Global,FALSE
nnuh.nhs.uk,Institutions,Institution Global,FALSE
nobregaadvocacia.com.br,Other,,FALSE
nootric.com,Other,,FALSE
norc.org,Institutions,Institution Global,FALSE
nordinvestimentos.com.br,Other,,FALSE
normaslegais.com.br,Earned Media,Earned Media BR,FALSE
northamericaoutlookmag.com,Earned Media,Earned Media Global,FALSE
northeastnorthcumbriaformulary.nhs.uk,Institutions,Institution Global,FALSE
northtrials.com,Other,,FALSE
nossodireito.com,Earned Media,Earned Media Global,FALSE
nossomeio.com.br,Earned Media,Earned Media BR,FALSE
noticiasaominuto.com,Earned Media,Earned Media Global,FALSE
noticiatodahora.com.br,Other,,FALSE
notredame.org.br,Other,,FALSE
novabrasilfm.com.br,Earned Media,Earned Media BR,FALSE
novadiagnostico.com.br,Other,,FALSE
novageracaosaude.com.br,Earned Media,Earned Media BR,FALSE
novamedicamentos.com.br,Other,,FALSE
novaneoonco.com.br,Other,,FALSE
novapharmanews.com,Earned Media,Earned Media Global,FALSE
novartis.com,Owned,Owned Global,FALSE
novartis.com.br,Owned,Owned BR,FALSE
novartis.com.cn,Owned,Owned Global,FALSE
novctrd.com,Other,,FALSE
novocuidar.pt,Other,,FALSE
novoeste.com,Other,,FALSE
novojornal.com.br,Other,,FALSE
novomomento.com.br,Earned Media,Earned Media BR,FALSE
novonordisk.com.br,Other,,FALSE
novonoticias.com.br,Other,,FALSE
nowserving.ph,Other,,FALSE
npistanbul.com,Other,,FALSE
npwomenshealthcare.com,Earned Media,Earned Media Global,FALSE
ns-nwi.com,Other,,FALSE
nscentromedico.pt,Other,,FALSE
nsctotal.com.br,Earned Media,Earned Media BR,FALSE
nsw.gov.au,Institutions,Institution Global,FALSE
ntb.no,Earned Media,Earned Media Global,FALSE
nucleo.jor.br,Earned Media,Earned Media BR,FALSE
nucleodoconhecimento.com.br,Earned Media,Earned Media BR,FALSE
nucleoevs.com.br,Other,,FALSE
nucleomater.com.br,Other,,FALSE
nudii.com.br,Institutions,Institution BR,FALSE
nuhospitals.com,Other,,FALSE
nursingce.com,Other,,FALSE
nus.edu.sg,Institutions,Institution Global,FALSE
nutrigiovanasertori.com.br,Other,,FALSE
nutrilucosta.com.br,Other,,FALSE
nutritotal.com.br,Earned Media,Earned Media BR,FALSE
nutrium.com,Other,,FALSE
nutrologiadecaesegatos.com.br,Other,,FALSE
nutrologocampogrande.com,Other,,FALSE
nutrologogoiania.com.br,Other,,FALSE
nutrovit.com.br,Other,,FALSE
nutry.com.br,Other,,FALSE
nv.gov,Institutions,Institution Global,FALSE
nvmo.org,Other,,FALSE
nwkidneynetwork.nhs.uk,Other,,FALSE
ny.gov,Institutions,Institution Global,FALSE
nycgyne.com,Other,,FALSE
nyp.org,Institutions,Institution Global,FALSE
nytimes.com,Earned Media,Earned Media Global,FALSE
nyulangone.org,Institutions,Institution Global,FALSE
oabguarapuava.com.br,Other,,FALSE
oabmt.org.br,Other,,FALSE
oabprev-sc.org.br,Institutions,Institution BR,FALSE
oabrj.org.br,Institutions,Institution BR,FALSE
oabsergipe.org.br,Other,,FALSE
oabsp.org.br,Institutions,Institution BR,FALSE
oaltouruguai.com.br,Other,,FALSE
oamazonico.com.br,Other,,FALSE
obermair.info,Other,,FALSE
obgproject.com,Other,,FALSE
oblumenauense.com.br,Earned Media,Earned Media BR,FALSE
obraprima.eng.br,Other,,FALSE
observador.pt,Earned Media,Earned Media Global,FALSE
observatorio3setor.org.br,Earned Media,Earned Media BR,FALSE
observatoriodeoncologia.com.br,Other,,FALSE
observatoriosaudepublica.com.br,Institutions,Institution BR,FALSE
oceandrop.com.br,Other,,FALSE
ocp.news,Earned Media,Earned Media Global,FALSE
octapharma.com.br,Other,,FALSE
octaviodimas.pt,Other,,FALSE
odontologiaelianegarcia.com.br,Other,,FALSE
odoutor.com.br,Other,,FALSE
ofidia.pt,Other,,FALSE
ofluminense.com.br,Other,,FALSE
oftalmocasa.com.br,Other,,FALSE
ofuxico.com.br,Earned Media,Earned Media BR,FALSE
ohoje.com,Earned Media,Earned Media Global,FALSE
ojsbr.com,Other,,FALSE
oklahoma.gov,Institutions,Institution Global,FALSE
oladoutor.app,Other,,FALSE
olathehealth.org,Other,,FALSE
oldmedic.com,Earned Media,Earned Media Global,FALSE
olhardigital.com.br,Earned Media,Earned Media BR,FALSE
olharrosa.org.br,Other,,TRUE
oliberal.com,Earned Media,Earned Media Global,FALSE
oliveiracardoso.com.br,Other,,FALSE
oliveirasadvocacia.adv.br,Other,,FALSE
om2s-hdf.com,Other,,FALSE
omaringa.com.br,Earned Media,Earned Media BR,FALSE
omaxlab.com.br,Other,,FALSE
omedionorte.com.br,Other,,FALSE
omens.com.br,Other,,FALSE
omeumedico.pt,Other,,FALSE
omie.com.br,Other,,FALSE
omim.org,Institutions,Institution Global,FALSE
omint.com.br,Other,,FALSE
omnicalculator.com,Earned Media,Earned Media Global,FALSE
omunicipio.com.br,Earned Media,Earned Media BR,FALSE
ona.org.br,Other,,FALSE
onacional.com.br,Other,,FALSE
oncarecancer.com,Other,,FALSE
onclive.com,Earned Media,Earned Media Global,FALSE
oncnursingnews.com,Earned Media,Earned Media Global,FALSE
onco360.com,Other,,FALSE
oncoalicia.com,Institutions,Institution Global,FALSE
oncoassociados.com.br,Other,,FALSE
oncocare.my,Other,,FALSE
oncocaresaude.com.br,Other,,FALSE
oncocentermedicos.com.br,Other,HCP,FALSE
oncocenteronline.com.br,Other,,FALSE
oncocentrocuritiba.com.br,Other,,FALSE
oncocentrosm.com.br,Other,HCP,FALSE
oncoclinica.com,Other,,FALSE
oncoclinicacuritiba.com.br,Other,,FALSE
oncoclinicadourados.com.br,Other,HCP,FALSE
oncocorpore.com.br,Other,,FALSE
oncodaily.com,Earned Media,Earned Media Global,FALSE
oncoegenetica.com.br,Other,,FALSE
oncoexperts.com.br,Other,,FALSE
oncoexpress.com.br,Other,,FALSE
oncoguia.org.br,Institutions,Institution BR,TRUE
oncoguide.us,Other,,FALSE
oncohealthmedicamentos.com.br,Other,,FALSE
oncohelp.com.br,Other,,FALSE
oncohemakey.com,Earned Media,Earned Media Global,FALSE
oncohematos.com.br,Other,,FALSE
oncoleste.com.br,Other,,FALSE
oncolink.org,Institutions,Institution Global,FALSE
oncolive.com.br,Other,HCP,FALSE
oncolog.com.br,Other,,FALSE
oncologia.com.br,Other,,FALSE
oncologiaabc.com.br,Other,HCP,FALSE
oncologiabrasil.com.br,Earned Media,Earned Media BR,FALSE
oncologiabrusque.com.br,Other,,FALSE
oncologiaemastologia.com,Other,,FALSE
oncologialondrina.com.br,Other,HCP,FALSE
oncologiamontesinai.com.br,Other,HCP,FALSE
oncologiaortop.com.br,Other,,FALSE
oncologiapreventiva.com.br,Other,,FALSE
oncologiasiriolibanes.com.br,Other,,FALSE
oncologiasorocaba.com.br,Other,,FALSE
oncologicadobrasil.com.br,Other,HCP,FALSE
oncology-central.com,Earned Media,Earned Media Global,FALSE
oncologyauthority.com,Earned Media,Earned Media Global,FALSE
oncologynewscentral.com,Earned Media,Earned Media Global,FALSE
oncologynurseadvisor.com,Earned Media,Earned Media Global,FALSE
oncologytube.com,Earned Media,Earned Media Global,FALSE
oncomaishumana.com.br,Other,,FALSE
oncomarkers.com.br,Other,,FALSE
oncomed.com.br,Other,HCP,FALSE
oncomedbh.com.br,Other,,FALSE
oncomedmt.com.br,Other,,FALSE
oncominas.med.br,Other,,FALSE
oncomogi.com.br,Other,HCP,FALSE
onconews.com.br,Other,,FALSE
onconutri.com.br,Other,,FALSE
oncoplus.co.in,Other,,FALSE
oncoportal.com.br,Other,,FALSE
oncoprescribe.com,Earned Media,Earned Media Global,FALSE
oncoprev.com.br,Other,,FALSE
oncoprime.com.br,Other,,FALSE
oncoprod.com,Other,,FALSE
oncoriopreto.com.br,Other,,FALSE
oncosite.app,Other,,FALSE
oncostar.com.br,Other,,FALSE
oncotis.com,Other,,FALSE
oncotoolkit.com,Earned Media,Earned Media Global,FALSE
oncotypedxtest.com,Other,,FALSE
oncotypeiq.com,Other,,FALSE
oncourologia.com.br,Other,HCP,FALSE
oncovida.med.br,Other,,FALSE
oncoville.com.br,Other,,FALSE
oncovita.com.br,Other,,FALSE
oncovitta.com.br,Other,,FALSE
oncovittarondonopolis.com.br,Other,,FALSE
oncowin.com,Other,,FALSE
oncoyart.com.br,Other,,FALSE
oncpracticemanagement.com,Earned Media,Earned Media Global,FALSE
onealcanceruab.org,Institutions,Institution Global,FALSE
oneclinica.com.br,Other,HCP,FALSE
onefrologista.com.br,Other,HCP,FALSE
onestepbrasil.com.br,Other,,FALSE
ongcirinhosorrindo.org.br,Other,,FALSE
onko-portal.de,Earned Media,Earned Media Global,FALSE
onkologica.com.br,Other,,FALSE
onkopedia.com,Institutions,Institution Global,FALSE
onkos.com.br,Other,,FALSE
onkozentrum-update.de,Other,,FALSE
onlinecurriculo.com,Other,,FALSE
onortao.com.br,Other,,FALSE
ons.org,Institutions,Institution Global,FALSE
ons.org.br,Institutions,Institution BR,FALSE
ontario.ca,Institutions,Institution Global,FALSE
onzeassessoria.com.br,Other,,FALSE
opalbiopharma.com,Other,,FALSE
opas.org.br,Institutions,Institution BR,FALSE
openedition.org,Institutions,Institution Global,FALSE
openmedicalpublishing.org,Institutions,Institution Global,FALSE
openmfm.org,Other,,FALSE
openpr.com,PR Wire,,FALSE
openstax.org,Institutions,Institution Global,FALSE
opinautos.com,Other,,FALSE
opiniaoempauta.com.br,Other,,FALSE
opovo.com.br,Earned Media,Earned Media BR,FALSE
oppen.social,Other,,FALSE
optimahealth.co.uk,Other,,FALSE
oqueesqf.com.br,Other,,FALSE
ordemdosmedicos.pt,Other,,FALSE
oregon.gov,Institutions,Institution Global,FALSE
oregoncancer.com,Other,,FALSE
origemdapalavra.com.br,Earned Media,Earned Media BR,FALSE
orlandohealth.com,Other,,FALSE
orpha.net,Institutions,Institution Global,FALSE
orthoindy.com,Other,,FALSE
ortodontiadigital.com.br,Other,,FALSE
ortopedistadojoelho.com.br,Other,,FALSE
ortopedistadope.com.br,Other,,FALSE
ortopedistaemsaopaulo.com.br,Other,,FALSE
ortotraumasamaritano.com.br,Other,,FALSE
os.adv.br,Other,,FALSE
oscelabs.com.br,Other,,FALSE
osfhealthcare.org,Other,,FALSE
oslermedicina.com.br,Other,,FALSE
osservatoriomalattierare.it,Earned Media,Earned Media Global,FALSE
osteoporosis.foundation,Institutions,Institution Global,FALSE
osu.edu,Institutions,Institution Global,FALSE
osul.com.br,Earned Media,Earned Media BR,FALSE
otempo.com.br,Earned Media,Earned Media BR,FALSE
otimizapro.com,Other,,FALSE
otoone.com.br,Other,,FALSE
ottobock.com,Other,,FALSE
otur.com.br,Other,,FALSE
oup.com,Institutions,Institution Global,FALSE
ourologista.com.br,Other,HCP,FALSE
outcomes4me.com,Other,,FALSE
outraspalavras.net,Earned Media,Earned Media Global,FALSE
overedito.com.br,Other,,FALSE
ovid.com,Other,,FALSE
owise.uk,Other,,FALSE
owise.us,Other,,FALSE
pa.gov.br,Institutions,Institution BR,FALSE
pablosalexandre.com.br,Other,,FALSE
pacehospital.com,Other,,FALSE
pacientessemergen.es,Other,,FALSE
packgene.com,Other,,FALSE
packgene.jp,Other,,FALSE
padrepauloricardo.org,Other,,FALSE
pagbank.com.br,Other,,FALSE
pagoufacil.com.br,Other,,FALSE
paguemenos.com.br,Other,,FALSE
pahealthwellness.com,Other,,FALSE
paho.org,Institutions,Institution Global,FALSE
paisefilhos.com.br,Earned Media,Earned Media BR,FALSE
paliativo.org.br,Other,,FALSE
pallasclinic.eu,Other,,FALSE
palmvascular.com,Other,,FALSE
pandoranews.com.br,Other,,FALSE
panfoundation.org,Institutions,Institution Global,FALSE
panoramafarmaceutico.com.br,Earned Media,Earned Media BR,FALSE
panoramagocomunicacao.com.br,Other,,FALSE
panvel.com,Other,,FALSE
paranaibamais.com.br,Earned Media,Earned Media BR,FALSE
parents.com,Earned Media,Earned Media Global,FALSE
parkchestermedical.org,Other,,FALSE
parkindigo.com.br,Other,,FALSE
parlamento.pt,Institutions,Institution Global,FALSE
parolaanalytics.com,Other,,FALSE
parriva.com,Earned Media,Earned Media Global,FALSE
partilharvida.org,Other,,FALSE
paschoalinberger.adv.br,Other,,FALSE
passeidireto.com,Other,,FALSE
pasteur-sc.com.br,Other,,FALSE
pastoraldasaudecnbb.com.br,Other,,FALSE
pathologyoutlines.com,Earned Media,Earned Media Global,FALSE
pathologystudent.com,Other,,FALSE
patient.info,Earned Media,Earned Media Global,FALSE
patientadvocate.org,Institutions,Institution Global,FALSE
patientasteacher.com,Other,,FALSE
patientnow.com,Other,,FALSE
patientpower.info,Earned Media,Earned Media Global,FALSE
patientslikeme.com,Social,,FALSE
patientworthy.com,Earned Media,Earned Media Global,FALSE
patologiaandradina.com.br,Other,,FALSE
patriciacrippa.com.br,Other,,FALSE
patsnap.com,Other,,FALSE
paulamarin.com.br,Other,,FALSE
paulatostes.com.br,Other,,FALSE
paulinas.com.br,Other,,FALSE
paulinelyrio.com.br,Other,,FALSE
paulosalustiano.com.br,Other,,FALSE
paulozittlau.com.br,Other,,FALSE
pavelandreev.org,Other,,FALSE
paxman.com.br,Other,,FALSE
paxmanscalpcooling.com,Other,,FALSE
pb.gov.br,Institutions,Institution BR,FALSE
pbh.gov.br,Institutions,Institution BR,FALSE
pbhurkenephrologyurologyandgynecologyinfertilityclinicmumbai.com,Other,,FALSE
pcdlegal.com.br,Other,,FALSE
pchadvocacia.com.br,Other,,FALSE
pcori.org,Institutions,Institution Global,FALSE
pdss.cd,Other,,FALSE
pe.gov.br,Institutions,Institution BR,FALSE
peacehealth.org,Other,,FALSE
pediakinder.com.br,Other,,FALSE
pediatricsnationwide.org,Institutions,Institution Global,FALSE
pedrinhoaguiar.com.br,Other,,FALSE
pedro.org.au,Institutions,Institution Global,FALSE
pedroamerico.com.br,Other,,FALSE
pedroexman.com,Other,,FALSE
peerview.com,Other,,FALSE
peitoaberto.org.br,Other,,TRUE
pelepequenoprincipe.org.br,Other,,FALSE
pelerara.com.br,Other,,FALSE
pelorim.pt,Other,,FALSE
penoticias.com.br,Earned Media,Earned Media BR,FALSE
people.com,Earned Media,Earned Media Global,FALSE
peoplewaretecnologia.com.br,Other,,FALSE
pephealth.com.br,Earned Media,Earned Media BR,FALSE
pequenoprincipe.org.br,Other,,FALSE
percihealth.com,Other,,FALSE
perfil.com,Earned Media,Earned Media Global,FALSE
perguntasaude.com,Other,,FALSE
periodicorease.pro.br,Other,,FALSE
periodicoscientificos.com.br,Other,,FALSE
personaloncologia.com.br,Other,,FALSE
personalthiagoferreira.com,Other,,FALSE
personare.com.br,Earned Media,Earned Media BR,FALSE
pesquisanefrohc.com.br,Other,HCP,FALSE
pesquisaoncologia.com.br,Other,,FALSE
pessemdor.com.br,Other,,FALSE
pessoalmente.pt,Other,,FALSE
petcare.com.br,Other,,FALSE
petlove.com.br,Other,,FALSE
petsupport.com.br,Other,,FALSE
pfarma.com.br,Earned Media,Earned Media BR,FALSE
pfizer.com,Other,,FALSE
pfizer.com.br,Competition,,FALSE
pfizer.pt,Other,,FALSE
pfizermedicalinformation.com,Other,,FALSE
pfizerpro.com,Other,,FALSE
pfizerpro.com.br,Other,,FALSE
pgsscogna.com.br,Other,,FALSE
pharmabiz.com,Earned Media,Earned Media Global,FALSE
pharmaceutical-business-review.com,Earned Media,Earned Media Global,FALSE
pharmaceutical-technology.com,Earned Media,Earned Media Global,FALSE
pharmaceuticalmanufacturer.media,Earned Media,Earned Media Global,FALSE
pharmacologymentor.com,Earned Media,Earned Media Global,FALSE
pharmacychecker.com,Earned Media,Earned Media Global,FALSE
pharmacyfreak.com,Earned Media,Earned Media Global,FALSE
pharmacyjournal.org,Institutions,Institution Global,FALSE
pharmacytimes.com,Earned Media,Earned Media Global,FALSE
pharmadb.com.br,Other,,FALSE
pharmadoor.com.br,Other,,FALSE
pharmaimports.com.br,Other,,FALSE
pharmaline.co.il,Earned Media,Earned Media Global,FALSE
pharmalive.com,Earned Media,Earned Media Global,FALSE
pharmaoffer.com,Other,,FALSE
pharmaphorum.com,Earned Media,Earned Media Global,FALSE
pharmareimport.com.br,Other,,FALSE
pharmaserve.com,Other,,FALSE
pharmatimes.com,Earned Media,Earned Media Global,FALSE
pharmazeutische-zeitung.de,Earned Media,Earned Media Global,FALSE
pharmed.com.br,Other,,FALSE
pharmedic.com.br,Other,,FALSE
pharmexec.com,Earned Media,Earned Media Global,FALSE
pharmnews.com,Earned Media,Earned Media Global,FALSE
pharmtech.com,Earned Media,Earned Media Global,FALSE
phc.adv.br,Other,,FALSE
phlnet.com.br,Other,,FALSE
phoenixchildrensfoundation.org,Institutions,Institution Global,FALSE
physalishealth.com,Other,,FALSE
physiciansweekly.com,Earned Media,Earned Media Global,FALSE
pi.gov.br,Institutions,Institution BR,FALSE
piauihoje.com,Earned Media,Earned Media BR,FALSE
picdoc.com.br,Other,,FALSE
picklesandicecreamga.org,Other,,FALSE
picollonefrologia.com.br,Other,HCP,FALSE
pienomial.com,Other,,FALSE
piensame.com.mx,Other,,FALSE
pilaresdasaude.pt,Other,,FALSE
pill.com.br,Other,,FALSE
pillseek.com,Other,,FALSE
pilulasdesaude.com.br,Other,HCP,FALSE
pimpinatis.com.br,Other,,FALSE
pink-ribbon.be,Institutions,Institution Global,FALSE
pipop.info,Other,,FALSE
piposaude.com.br,Other,,FALSE
pje.jus.br,Other,,FALSE
pkdcuretracker.com,Other,,FALSE
planalto.gov.br,Institutions,Institution BR,FALSE
plani.com.br,Other,,FALSE
planificasus.com.br,Institutions,Institution BR,FALSE
plannedparenthood.org,Institutions,Institution Global,FALSE
plano-de-saude-saopaulo.com.br,Other,,FALSE
planosdesaudecomdesconto.com.br,Other,HCP,FALSE
planosdesauderjmid.com.br,Other,HCP,FALSE
plasticadosonho.com.br,Other,,FALSE
plastico.pro,Other,,FALSE
plataformaassaad.com.br,Other,,FALSE
plenamedical.com.br,Other,HCP,FALSE
plos.org,Institutions,Institution Global,FALSE
pluang.com,Other,,FALSE
plurall.com.br,Other,,FALSE
pluralsaude.com.br,Other,,FALSE
plushcare.com,Other,,FALSE
plymouthhospitals.nhs.uk,Institutions,Institution Global,FALSE
pmda.go.jp,Institutions,Institution Global,FALSE
pmfarma.com,Earned Media,Earned Media Global,FALSE
pmlive.com,Earned Media,Earned Media Global,FALSE
pmlucianopolis.com.br,Other,,FALSE
pmsbrasil.org.br,Other,,FALSE
pncp.gov.br,Institutions,Institution BR,FALSE
pnhnews.com,Earned Media,Earned Media Global,FALSE
pnhserviceuk.co.uk,Institutions,Institution Global,FALSE
pockethealth.com,Other,,FALSE
pod-nmd.org,Institutions,Institution Global,FALSE
podemos.org.br,Other,,FALSE
poder360.com.br,Earned Media,Earned Media BR,FALSE
poder82.com.br,Other,,FALSE
pohms.com,Other,,FALSE
policlinicagranato.com.br,Other,HCP,FALSE
policlinicaneurocor.com.br,Other,HCP,FALSE
policonsultas.com.br,Other,,FALSE
policylab.us,Other,,FALSE
politicadistrital.com.br,Other,,FALSE
pontopb.com.br,Other,,FALSE
porfiria.org.br,Other,,FALSE
portalacheclinicas.com.br,Other,,FALSE
portalamorim.com.br,Other,,FALSE
portalarauto.com.br,Other,,FALSE
portalcatalao.com.br,Other,,FALSE
portalcofen.gov.br,Other,,FALSE
portalconteudoaberto.com.br,Earned Media,Earned Media BR,FALSE
portalcoren-rs.gov.br,Other,,FALSE
portalcultura.com.br,Other,,FALSE
portaldafronteira.com,Other,,FALSE
portaldaindustria.com.br,Institutions,Institution BR,FALSE
portaldareumatologia.com.br,Other,,FALSE
portaldaurologia.org.br,Other,,FALSE
portaldeagendamento.com.br,Other,,FALSE
portaldoutorajuda.com.br,Other,,FALSE
portaldozacarias.com.br,Earned Media,Earned Media BR,FALSE
portaleducacao.com.br,Other,,FALSE
portalenf.com,Earned Media,Earned Media Global,FALSE
portalgbefc.org.br,Other,,FALSE
portalgo.com.br,Other,,FALSE
portalhospitaisbrasil.com.br,Earned Media,Earned Media BR,FALSE
portalin.com.br,Earned Media,Earned Media BR,FALSE
portalinsights.com.br,Earned Media,Earned Media BR,FALSE
portalleodias.com,Earned Media,Earned Media Global,FALSE
portalmarcossantos.com.br,Other,,FALSE
portalmedicinaesaude.com,Other,,FALSE
portalodia.com,Earned Media,Earned Media Global,FALSE
portalonorte.com.br,Other,,FALSE
portalotorrino.com.br,Other,,FALSE
portalr10.com,Other,,FALSE
portalr3.com.br,Other,,FALSE
portalsaibamais.com.br,Other,,FALSE
portalsaofrancisco.com.br,Other,,FALSE
portalsaudenoar.com.br,Other,,FALSE
portaltelemedicina.com.br,Other,,FALSE
portalterceiraidade.org.br,Other,,FALSE
portaltri.com.br,Other,,FALSE
portalturbinar.com.br,Earned Media,Earned Media BR,FALSE
portalunico.com,Other,,FALSE
portalv.com.br,Earned Media,Earned Media BR,FALSE
posenato.med.br,Other,,FALSE
positiva.org.br,Other,,FALSE
posmed.com.br,Institutions,Institution BR,FALSE
postalsaude.com.br,Other,,FALSE
postpartum.net,Institutions,Institution Global,FALSE
posuscs.com.br,Other,,FALSE
poupdin.com,Earned Media,Earned Media Global,FALSE
powershealth.org,Institutions,Institution Global,FALSE
pptasaude.com.br,Other,,FALSE
pr.def.br,Other,,FALSE
pr.gov.br,Institutions,Institution BR,FALSE
practicalneurology.com,Earned Media,Earned Media Global,FALSE
precopopular.com.br,Other,,FALSE
predict.cam,Institutions,Institution Global,FALSE
preeclampsia.org,Institutions,Institution Global,FALSE
prefeitura.rio,Institutions,Institution Global,FALSE
prematuridade.com,Other,,FALSE
premera.com,Other,,FALSE
premierpet.com.br,Other,,FALSE
premiersurgicalnetwork.com,Other,,FALSE
prenatalscreening.com,Other,,FALSE
preprints.org,Institutions,Institution Global,FALSE
prescriberpoint.com,Other,,FALSE
prescrire.org,Earned Media,Earned Media Global,FALSE
preserveseusrins.com.br,Other,,FALSE
presidencia.gov.br,Other,,FALSE
pressbooks.pub,Other,,FALSE
preventor.com.br,Other,,FALSE
preventsenior.com.br,Other,,FALSE
preveris.pt,Other,,FALSE
previbayer.com.br,Other,,FALSE
previdenciarista.com,Other,,FALSE
previneclinicamedica.com,Other,,FALSE
prezly.com,Other,,FALSE
priberam.org,Other,,FALSE
prideconsultoria.com.br,Other,,FALSE
primedicin.com.br,Other,,FALSE
primeirainfanciaemdados.org.br,Other,,FALSE
primeirapagina.com.br,Earned Media,Earned Media BR,FALSE
primetherapeutics.com,Other,,FALSE
printo.it,Institutions,Institution Global,FALSE
priyalifescience.com,Earned Media,Earned Media Global,FALSE
prnewswire.co.uk,PR Wire,,FALSE
prnewswire.com,PR Wire,,FALSE
pro-renal.org.br,Other,,TRUE
proadi-sus.org.br,Institutions,Institution BR,FALSE
probelle.com.br,Other,,FALSE
probiologists.com,Institutions,Institution Global,FALSE
problemascomdrogas.com.br,Other,,FALSE
proceedings.science,Other,,FALSE
proclame.org.br,Other,,FALSE
procriarmrd.com.br,Other,,FALSE
procuradaela.org.br,Other,,FALSE
prodiagnosis.org,Other,,FALSE
profissaobiotec.com.br,Earned Media,Earned Media BR,FALSE
profluizcarneiro.com.br,Other,,FALSE
progoods.com.br,Other,,FALSE
programaaoseulado.com.br,Other,,FALSE
programafazbem.com.br,Other,,FALSE
programanovodia.com.br,Other,,FALSE
programasaudeativa.com.br,Other,,FALSE
programasomosraros.com.br,Institutions,Institution BR,TRUE
programasuavidade.com.br,Other,,FALSE
programaviva.com.br,Other,,FALSE
progress.im,Other,,FALSE
progresso.com.br,Other,,FALSE
prohardver.hu,Earned Media,Earned Media Global,FALSE
projetocura.org,Other,,FALSE
prolekare.cz,Earned Media,Earned Media Global,FALSE
promatre.com.br,Other,,FALSE
promedclinica.com,Other,,FALSE
pronascer.com.br,Other,,FALSE
prooncomulher.com.br,Other,,FALSE
propatiens.com,Other,,FALSE
propelphysiotherapy.com,Other,,FALSE
proplastica.com,Other,,FALSE
propublica.org,Institutions,Institution Global,FALSE
proquest.com,Other,,FALSE
prorim.org.br,Other,,FALSE
prosaude.org.br,Institutions,Institution BR,FALSE
prosense.com.br,Other,,FALSE
prosperidadeconteudos.com,Other,,FALSE
prostatafocal.com,Other,,FALSE
protea.org.br,Other,,TRUE
proteste.pt,Institutions,Institution Global,FALSE
protomedi.com.br,Other,,FALSE
proverct.com.br,Other,,FALSE
providencekidney.com,Other,,FALSE
proximodegrau.com.br,Other,,FALSE
prysciladroppa.com.br,Other,HCP,FALSE
psgconsults.com,Other,,FALSE
psicologafabiola.com.br,Other,,FALSE
psicologakarlacardozo.com.br,Other,,FALSE
psicologo.com.br,Other,,FALSE
psicologoeterapia.com.br,Other,,FALSE
psicologosberrini.com.br,Other,,FALSE
psicopedagogia.com.br,Earned Media,Earned Media BR,FALSE
psiq-med.com.br,Other,,FALSE
psiq.med.br,Other,,FALSE
psiquiatrajaquelinebifano.com.br,Other,,FALSE
psiquiatraportoalegre.com.br,Other,,FALSE
psymeetsocial.com,Other,,FALSE
pt.org.br,Other,,FALSE
ptcbio.com,Other,,FALSE
ptmedical.pt,Other,,FALSE
ptnosenado.org.br,Other,,FALSE
public.com,Other,,FALSE
publicnow.com,Earned Media,Earned Media Global,FALSE
publico.pt,Earned Media,Earned Media Global,FALSE
pucgoias.edu.br,Institutions,Institution BR,FALSE
pucrs.br,Institutions,Institution BR,FALSE
pucsp.br,Institutions,Institution BR,FALSE
pueritia.com.br,Other,,FALSE
pulsedigital.co.uk,Other,,FALSE
q4cdn.com,Other,,FALSE
qconcursos.com,Other,,FALSE
qscience.com,Institutions,Institution Global,FALSE
qualicorp.com.br,Other,,FALSE
qualifichomecare.com.br,Other,,FALSE
qualiipanema.com.br,Other,,FALSE
qualimedica.com.br,Other,HCP,FALSE
qualimedicos.com.br,Other,HCP,FALSE
qualimedisaude.com.br,Other,,FALSE
qualityinsights.org,Institutions,Institution Global,FALSE
quectel.com,Other,,FALSE
queenmed.com.br,Other,,FALSE
querobolsa.com.br,Other,,FALSE
queroquitar.com.br,Other,,FALSE
questdiagnostics.com,Other,,FALSE
questionpro.com,Other,,FALSE
quimioclinic.com.br,Other,,FALSE
quimioterapiaebeleza.org.br,Other,,FALSE
quintalapsen.com.br,Earned Media,Earned Media BR,FALSE
quintoandar.com.br,Other,,FALSE
quironsalud.com,Other,,FALSE
quizlet.com,Other,,FALSE
quora.com,Social,,FALSE
quotidianosanita.it,Earned Media,Earned Media Global,FALSE
qvsaude.com.br,Other,,FALSE
qxmd.com,Other,,FALSE
r-es.org,Other,,FALSE
r7.com,Earned Media,Earned Media BR,FALSE
rac.com.br,Earned Media,Earned Media BR,FALSE
racgp.org.au,Institutions,Institution Global,FALSE
radardigitalbrasilia.com.br,Earned Media,Earned Media BR,FALSE
radardocancer.org.br,Other,,FALSE
radarfitness.com.br,Other,,FALSE
radiocaicara.com.br,Earned Media,Earned Media BR,FALSE
radiologyinfo.org,Institutions,Institution Global,FALSE
radiopaedia.org,Institutions,Institution Global,FALSE
radioprata.com.br,Other,,FALSE
radiosideral.com.br,Other,,FALSE
radioterapiasaofrancisco.com.br,Other,,FALSE
radioterapiasaopaulo.com.br,Other,,FALSE
radioterapiasaosebastiao.com.br,Other,,FALSE
radiowebms.com.br,Other,,FALSE
rafaelalvesvascular.com.br,Other,,FALSE
rafaelapolonivascular.com.br,Other,,FALSE
rafaelbarban.com.br,Other,,FALSE
rafaelbruns.com.br,Other,,FALSE
rafaelbusatto.com.br,Other,,FALSE
rafaelfrancooncologia.com.br,Other,HCP,FALSE
rafaelkaliks.com,Other,,FALSE
rafaeloliveiraneuro.com,Other,,FALSE
rafaelpauletti.com,Other,,FALSE
rafaelviterbourologia.com.br,Other,HCP,FALSE
rafahredehospitalar.com,Other,,FALSE
raiadosecerta.com.br,Other,,FALSE
raiadrogasil.io,Other,,FALSE
rainter.com.br,Other,,FALSE
raiox.pt,Earned Media,Earned Media Global,FALSE
rakhomed.com.br,Other,,FALSE
ramondemello.com.br,Other,,FALSE
ramoscostaadvocacia.com.br,Other,,FALSE
ramosprev.com.br,Other,,FALSE
raphaelcarrera.com.br,Other,,FALSE
raphaelprata.com.br,Other,,FALSE
rapidtestandtrace.ca,Other,,FALSE
rapt.com,Other,,FALSE
raquelaranha.com.br,Other,HCP,FALSE
raras.org,Other,,FALSE
raras.org.br,Other,,FALSE
rarascomciencia.com.br,Other,,FALSE
raraseespeciais.pt,Other,,FALSE
rareconnect.org,Other,,FALSE
rarediseaseadvisor.com,Earned Media,Earned Media Global,FALSE
rarediseaseday.org,Institutions,Institution Global,FALSE
rarediseases.org,Institutions,Institution Global,FALSE
rareglomerular.com,Other,,FALSE
rarekidneyandyou.com,Other,,FALSE
raremap.co.uk,Other,,FALSE
rarenote.io,Other,,FALSE
rarepharma.com.br,Other,,FALSE
rarerevolutionmagazine.com,Earned Media,Earned Media Global,FALSE
ratiolab.digital,Other,,FALSE
ratiotx.com,Other,,FALSE
rb.org.br,Institutions,Institution BR,FALSE
rbac.org.br,Other,,FALSE
rbcp.org.br,Institutions,Institution BR,FALSE
rbfm.org.br,Other,,FALSE
rbm.org.br,Institutions,Institution BR,FALSE
rbsmi.org.br,Institutions,Institution BR,FALSE
rbtv.com.br,Earned Media,Earned Media BR,FALSE
rcaap.pt,Institutions,Institution Global,FALSE
rch.org.au,Institutions,Institution Global,FALSE
rcnonline.com.br,Other,,FALSE
rcpa.edu.au,Institutions,Institution Global,FALSE
rctadvogados.com.br,Other,,FALSE
rdbreastcancer2025.com.br,Other,,FALSE
rdbreastcancer2026.com.br,Other,,FALSE
rdbreastcancersymposium.com.br,Other,,FALSE
rdliberdade.com.br,Other,,FALSE
reabilitartratamentos.com.br,Other,,FALSE
reachmd.com,Earned Media,Earned Media Global,FALSE
realoncologia.com.br,Other,,FALSE
realpioneiro.com.br,Other,,FALSE
realtime1.com.br,Earned Media,Earned Media BR,FALSE
recco.com.br,Other,,FALSE
reccomecar.blogspot.com,Earned Media,Earned Media Global,FALSE
recercat.cat,Institutions,Institution Global,FALSE
recien.com.br,Institutions,Institution BR,FALSE
recima21.com.br,Institutions,Institution BR,FALSE
recomecar.org,Other,,FALSE
recuperanca.com.br,Other,,FALSE
recuperesuasaude.com.br,Earned Media,Earned Media BR,FALSE
redalyc.org,Institutions,Institution Global,FALSE
redcps.com.br,Institutions,Institution BR,FALSE
reddit.com,Social,,FALSE
redeamesaude.com.br,Other,HCP,FALSE
redecaminho.com.br,Other,,FALSE
redeciadasaude.com.br,Other,,FALSE
redecinturaoverde.com.br,Other,,FALSE
rededorsaoluiz.com.br,Other,,FALSE
redefeminina.org.br,Other,,FALSE
redefemininabrasilia.org.br,Other,,FALSE
redefemininabrusque.com.br,Other,,FALSE
redefemininasbo.org.br,Other,,FALSE
redefemininasc.org.br,Other,,FALSE
redefemininasfs.com.br,Other,,FALSE
redehospitalcasa.com.br,Other,,FALSE
redemeridional.com.br,Other,,FALSE
redemlc.com.br,Other,,FALSE
redenatjus.org.br,Other,,FALSE
redeondadigital.com.br,Earned Media,Earned Media BR,FALSE
redesantacatarina.org.br,Institutions,Institution BR,FALSE
redesuldenoticias.com.br,Other,,FALSE
redfarma.com.mx,Other,,FALSE
regenerati.com.br,Other,,FALSE
regenius.com.br,Other,,FALSE
region-a3.com,Other,,FALSE
regionalcancercare.org,Other,,FALSE
registrocancergranada.es,Other,,FALSE
regulations.gov,Institutions,Institution Global,FALSE
reifenlab.de,Earned Media,Earned Media Global,FALSE
rein.ca,Institutions,Institution Global,FALSE
relifarm.com.br,Other,,FALSE
remed.com.br,Other,,FALSE
remediobarato.com,Other,,FALSE
remend.org,Institutions,Institution Global,FALSE
renal.org,Institutions,Institution Global,FALSE
renalandurologynews.com,Earned Media,Earned Media Global,FALSE
renalbrasil.com.br,Other,HCP,FALSE
renalclass.com.br,Other,,FALSE
renalexpert.com.br,Other,,FALSE
renalfellow.org,Earned Media,Earned Media Global,FALSE
renalinterventions.net,Earned Media,Earned Media Global,FALSE
renalmedcaxias.com.br,Other,,FALSE
renalquality.com.br,Other,,FALSE
renals.com.br,Other,,FALSE
renalvet.com.br,Other,,FALSE
renalvida.org.br,Other,HCP,FALSE
renascercasadeapoio.com.br,Other,,FALSE
renatapaulos.com.br,Other,,FALSE
renatapuccini.com.br,Other,,FALSE
renatocorradi.com.br,Other,,FALSE
replit.app,Other,,FALSE
reporterceara.com.br,Other,,FALSE
reporterdiario.com.br,Other,,FALSE
republicanos10.org.br,Other,,FALSE
rescceafi.com.br,Other,,FALSE
researcher.life,Other,,FALSE
researchgate.net,Other,,FALSE
researchsquare.com,Institutions,Institution Global,FALSE
reservemeds.com,Other,,FALSE
residenciapediatrica.com.br,Institutions,Institution BR,FALSE
responsumhealth.com,Other,,FALSE
respostas.com.br,Other,,FALSE
resumosmedicina.com.br,Other,,FALSE
retinabrasil.org.br,Other,,FALSE
retinapro.com.br,Other,,FALSE
retinaweb.com.br,Other,,FALSE
reumanefro.com,Other,,FALSE
reumatologia.org.br,Other,,FALSE
reumatologiasp.com.br,Other,,FALSE
reumatomaringa.com.br,Other,,FALSE
reumatominas.com.br,Other,,FALSE
reumatoreview.com.br,Other,,FALSE
reuters.com,Earned Media,Earned Media Global,FALSE
revclinesp.es,Institutions,Institution Global,FALSE
reverehealth.com,Other,,FALSE
revide.com.br,Earned Media,Earned Media BR,FALSE
revista-portalesmedicos.com,Earned Media,Earned Media Global,FALSE
revistaabm.com.br,Earned Media,Earned Media BR,FALSE
revistaacademicadalusofonia.com,Other,,FALSE
revistaacademicafalog.com.br,Other,,FALSE
revistaadnormas.com,Other,,FALSE
revistaadnormas.com.br,Earned Media,Earned Media BR,FALSE
revistaanamaria.com.br,Earned Media,Earned Media BR,FALSE
revistaaptare.com.br,Earned Media,Earned Media BR,FALSE
revistabusinessportugal.pt,Earned Media,Earned Media Global,FALSE
revistacenarium.com.br,Earned Media,Earned Media BR,FALSE
revistacomtempo.com,Other,,FALSE
revistacontribuciones.com,Institutions,Institution Global,FALSE
revistadelos.com,Earned Media,Earned Media Global,FALSE
revistadepediatriasoperj.org.br,Other,HCP,FALSE
revistaenfermagematual.com.br,Earned Media,Earned Media BR,FALSE
revistaes.com.br,Earned Media,Earned Media BR,FALSE
revistaforum.com.br,Earned Media,Earned Media BR,FALSE
revistaft.com,Institutions,Institution Global,FALSE
revistaft.com.br,Other,,FALSE
revistagesec.org.br,Institutions,Institution BR,FALSE
revistahipertensao.pt,Other,,FALSE
revistajrg.com,Earned Media,Earned Media Global,FALSE
revistakdea360.com.br,Earned Media,Earned Media BR,FALSE
revistalofficiel.com.br,Earned Media,Earned Media BR,FALSE
revistamedica.com,Earned Media,Earned Media Global,FALSE
revistanefrologia.com,Institutions,Institution Global,FALSE
revistanefrologiamexicana.com,Other,,FALSE
revistaneumologiapediatrica.com,Other,,FALSE
revistanews.com.br,Earned Media,Earned Media BR,FALSE
revistanursing.com.br,Other,,FALSE
revistaoeste.com,Earned Media,Earned Media Global,FALSE
revistaregional.com.br,Other,,FALSE
revistasanitariadeinvestigacion.com,Earned Media,Earned Media Global,FALSE
revistasaudecoletiva.com.br,Earned Media,Earned Media BR,FALSE
revistasaudenews.com.br,Other,,FALSE
revistaspot.pt,Other,,FALSE
revistasupersaudavel.com.br,Other,,FALSE
revistatopicos.com.br,Earned Media,Earned Media BR,FALSE
revistaub.com,Institutions,Institution Global,FALSE
revistavidanocampo.com,Other,,FALSE
revistavisaohospitalar.com.br,Earned Media,Earned Media BR,FALSE
revivalresearch.org,Other,,FALSE
revportcardiol.org,Institutions,Institution Global,FALSE
rfcc.org.br,Other,,FALSE
rgbcomms.co.uk,Other,,FALSE
rgcirc.org,Institutions,Institution Global,FALSE
rghospitals.com,Other,,FALSE
rheuminfo.com,Earned Media,Earned Media Global,FALSE
rhp.com.br,Other,,FALSE
rhsafe.com.br,Other,,FALSE
ribeiraocontraocancer.com.br,Other,,FALSE
ribeirocavalcante.com.br,Other,,FALSE
ribeirosadvocacia.com,Other,,FALSE
riberasalud.com,Other,,FALSE
ribokis.com,Other,,FALSE
ricardoinserraurologia.com.br,Other,HCP,FALSE
ricardomai.com.br,Other,,FALSE
ricardoqueiroga.com.br,Other,HCP,FALSE
ricardothompson.com.br,Other,,FALSE
richmondnephrologyassociates.com,Other,,FALSE
rico.com.vc,Other,,FALSE
ricorhp.com.br,Other,,FALSE
rihlatmed.com,Other,,FALSE
rileychildrens.org,Other,,FALSE
rioabrace.org.br,Other,,FALSE
riojasalud.es,Institutions,Institution Global,FALSE
rionortesaude.com.br,Other,,FALSE
risescience.com,Other,,FALSE
riskguardmanagement.com,Other,,FALSE
rit.org.uk,Other,,FALSE
ritacastagnaadvocacia.com.br,Other,,FALSE
ritzau.dk,Earned Media,Earned Media Global,FALSE
rj.def.br,Institutions,Institution BR,FALSE
rj.gov.br,Institutions,Institution BR,FALSE
rjptonline.org,Institutions,Institution Global,FALSE
rmandrade.com,Other,,FALSE
rmmg.org,Institutions,Institution Global,FALSE
rn.gov.br,Institutions,Institution BR,FALSE
rn.leg.br,Other,,FALSE
rnahomecare.com.br,Other,,FALSE
ro.gov.br,Institutions,Institution BR,FALSE
road-med.com,Other,,FALSE
robertopestana.com.br,Other,HCP,FALSE
robinhood.com,Other,,FALSE
robsongoncalves.adv.br,Other,,FALSE
rochaemouta.com.br,Other,,FALSE
rochafurtado.adv.br,Other,,FALSE
rochasilva.adv.br,Other,,FALSE
roche.com,Other,,FALSE
roche.com.br,Competition,,FALSE
roche.es,Other,,FALSE
roche.pt,Other,,FALSE
rochepacientes.es,Other,,FALSE
rochester.edu,Institutions,Institution Global,FALSE
rockymountaincancercenters.com,Other,,FALSE
rodolfolopes.adv.br,Other,,FALSE
rodolphoscalize.com.br,Other,,FALSE
rodrigoamaranteurologia.com.br,Other,HCP,FALSE
rodrigoastolfi.com.br,Other,,FALSE
rodrigobrum.com.br,Other,HCP,FALSE
rodrigolimaurologia.com.br,Other,HCP,FALSE
rodrigoschirmbeck.com.br,Other,,FALSE
rogerioleite.com.br,Other,,FALSE
rogershiomi.com.br,Other,,FALSE
romarizsaliba.com.br,Other,,FALSE
romedic.ro,Earned Media,Earned Media Global,FALSE
rondoniaovivo.com,Earned Media,Earned Media Global,FALSE
roneidebraga.com,Other,,FALSE
rongdapt.com,Earned Media,Earned Media Global,FALSE
rosananevesadvocacia.com.br,Other,,FALSE
rosanavalle.com.br,Other,,FALSE
rose-up.fr,Institutions,Institution Global,FALSE
rosenbaum.adv.br,Other,,FALSE
rossatoefronza.com.br,Other,,FALSE
roswellpark.org,Institutions,Institution Global,FALSE
rotajuridica.com.br,Earned Media,Earned Media BR,FALSE
rotaseguros.com.br,Other,,FALSE
roteirosdepediatria.com,Other,,FALSE
royalcanin.com.br,Other,,FALSE
royalfree.nhs.uk,Institutions,Institution Global,FALSE
royalwolverhampton.nhs.uk,Institutions,Institution Global,FALSE
rpmgf.pt,Other,,FALSE
rponcologia.com,Other,,FALSE
rpress.com.br,Other,,FALSE
rpso.pt,Earned Media,Earned Media Global,FALSE
rr.pt,Earned Media,Earned Media Global,FALSE
rradv.adv.br,Other,,FALSE
rs.def.br,Institutions,Institution BR,FALSE
rs.gov.br,Institutions,Institution BR,FALSE
rsadvocaciaprevidenciaria.com.br,Other,,FALSE
rsaude.com.br,Earned Media,Earned Media BR,FALSE
rsdjournal.org,Institutions,Institution Global,FALSE
rsurologia.com.br,Other,HCP,FALSE
rsvpperfil.com.br,Earned Media,Earned Media BR,FALSE
rtmedical.com.br,Other,HCP,FALSE
rtp.pt,Institutions,Institution Global,FALSE
rubanrose.org,Institutions,Institution Global,FALSE
ruh.nhs.uk,Institutions,Institution Global,FALSE
rumosprevidencia.com.br,Other,,FALSE
rupress.org,Institutions,Institution Global,FALSE
ruralhealthinfo.org,Institutions,Institution Global,FALSE
ruschelpesquisa.com.br,Other,,FALSE
rush.edu,Institutions,Institution Global,FALSE
rx4u.in,Other,,FALSE
rxassist.org,Other,,FALSE
rxcopays.com,Earned Media,Earned Media Global,FALSE
rxlist.com,Earned Media,Earned Media Global,FALSE
rxreasoner.com,Other,,FALSE
rxsaurus.com,Other,,FALSE
rxwellz.com,Earned Media,Earned Media Global,FALSE
s2medica.com.br,Other,HCP,FALSE
saberalei.com.br,Earned Media,Earned Media BR,FALSE
sabertecnologias.com.br,Earned Media,Earned Media BR,FALSE
saberviver.pt,Earned Media,Earned Media Global,FALSE
sabin.com.br,Other,,FALSE
sabrinabedin.com.br,Other,,FALSE
sabrinebraga.com.br,Other,,FALSE
sachinmarda.com,Other,,FALSE
safetyandquality.gov.au,Institutions,Institution Global,FALSE
sagepub.com,Institutions,Institution Global,FALSE
sahmcapital.com,Other,,FALSE
saintpatrick.com.br,Other,,FALSE
sakraworldhospital.com,Other,,FALSE
saladanoticia.com.br,Earned Media,Earned Media BR,FALSE
salemadvogados.com,Other,,FALSE
sallet.com.br,Other,,FALSE
salmahospital.com,Other,,FALSE
salomaoayrozaribeiro.com.br,Other,,FALSE
salomaozoppi.com.br,Other,,FALSE
salu.com.vc,Other,,FALSE
salud.gob.mx,Institutions,Institution Global,FALSE
saludbydiaz.com,Earned Media,Earned Media Global,FALSE
saludhombre.es,Other,,FALSE
saludmaternoinfantilsagunto.com,Institutions,Institution Global,FALSE
saludyfarmacos.org,Institutions,Institution Global,FALSE
samaritanaclinics.com,Other,,FALSE
samcomsecurity.com,Other,,FALSE
samisaude.com.br,Other,,FALSE
samitivejhospitals.com,Other,,FALSE
sampharma.blog,Other,,FALSE
sampharma.com.br,Other,,FALSE
sampi.net.br,Earned Media,Earned Media BR,FALSE
samsunghospital.com,Other,,FALSE
sanarmed.com,Other,,FALSE
sanatoriums.com,Other,,FALSE
sancarlosaude.com.br,Other,,FALSE
sanidad.gob.es,Institutions,Institution Global,FALSE
sanitainformazione.it,Earned Media,Earned Media Global,FALSE
sanofi.com,Competition,,FALSE
sanremo.com.br,Other,,FALSE
santacasa.org.br,Institutions,Institution BR,FALSE
santacasabh.org.br,Other,,FALSE
santacasacuritiba.com.br,Other,,FALSE
santacasademaceio.com.br,Institutions,Institution BR,FALSE
santacasadepiracicaba.com.br,Other,,FALSE
santacasajf.org.br,Other,,FALSE
santacasapc.com.br,Other,,FALSE
santajoana.com.br,Other,,FALSE
santalucia.com.br,Other,,FALSE
santamarcelina.org,Other,,FALSE
santamariasaude.pt,Other,,FALSE
santamassa.com.br,Other,,FALSE
santander.pt,Other,,FALSE
santapaula.com.br,Other,,FALSE
santarita.org.br,Other,,FALSE
santecancercenter.com.br,Other,,FALSE
santelaboratorio.com.br,Other,,FALSE
santeoncologia.com.br,Other,,FALSE
santuariocristoredentor.com.br,Other,,FALSE
saocamilo.br,Institutions,Institution BR,FALSE
saocarlosagora.com.br,Earned Media,Earned Media BR,FALSE
saolucascopacabana.com.br,Other,,FALSE
saomarcos.org.br,Other,,FALSE
saomateushospital.pt,Other,,FALSE
saopaulosao.com.br,Other,,FALSE
sapo.pt,Earned Media,Earned Media Global,FALSE
sar.com.br,Other,,FALSE
sara.com.br,Other,,FALSE
sarahbrasildermato.com.br,Other,,FALSE
sarar.com.br,Other,,FALSE
sartormedicina.com.br,Other,HCP,FALSE
sasse.com,Other,,FALSE
saude.gov.br,Institutions,Institution BR,FALSE
saude.novartis.com.br,Owned,Owned BR,FALSE
saudeamericas.com.br,Other,,FALSE
saudeaz.com.br,Earned Media,Earned Media BR,FALSE
saudebemestar.com.pt,Earned Media,Earned Media Global,FALSE
saudebemestar.pt,Other,,FALSE
saudebemviver.com.br,Other,HCP,FALSE
saudebusiness.com,Earned Media,Earned Media BR,FALSE
saudecidade.com,Other,,FALSE
saudedebate.com.br,Earned Media,Earned Media BR,FALSE
saudediagnostica.com.br,Other,HCP,FALSE
saudedigitalnews.com.br,Earned Media,Earned Media BR,FALSE
saudedireta.com.br,Other,,FALSE
saudeemdia.com.br,Other,,FALSE
saudeemmovimento.com.br,Other,HCP,FALSE
saudeemnoticia.com.br,Earned Media,Earned Media BR,FALSE
saudeespiritualidade.tv,Other,,FALSE
saudeexplicada.com.br,Other,HCP,FALSE
saudefarmamedicamentos.com.br,Other,,FALSE
saudeia.life,Other,,FALSE
saudeid.com.br,Other,HCP,FALSE
saudeinterior.org,Other,,FALSE
saudelab.com,Earned Media,Earned Media Global,FALSE
saudemaisfacilbr.com.br,Other,,FALSE
saudemaislazer.com.br,Other,HCP,FALSE
saudemelhor.com,Other,,FALSE
saudeonline.pt,Earned Media,Earned Media Global,FALSE
saudepasa.com.br,Other,,FALSE
saudepordireito.com.br,Other,HCP,FALSE
saudepress.com.br,Other,,FALSE
saudeteu.info,Earned Media,Earned Media Global,FALSE
saventiccare.com.br,Other,,FALSE
sbacvpr.com.br,Other,,FALSE
sbcm.org.br,Institutions,Institution BR,FALSE
sbco.org.br,Other,,FALSE
sbgm.org.br,Other,,FALSE
sbhepatologia.org.br,Institutions,Institution BR,FALSE
sbi.org.br,Other,,FALSE
sbircialanotizia.it,Earned Media,Earned Media Global,FALSE
sbm.org,Institutions,Institution Global,FALSE
sbmastologia.com.br,Other,,FALSE
sbmfc.org.br,Institutions,Institution BR,FALSE
sbmrs.org.br,Other,,FALSE
sbn.org.br,Institutions,Institution BR,FALSE
sbnbahia.com.br,Other,,FALSE
sboc.org.br,Other,,FALSE
sbp.com.br,Institutions,Institution BR,FALSE
sbp.org.br,Other,,FALSE
sbpcnet.org.br,Other,,FALSE
sbq.org.br,Institutions,Institution BR,FALSE
sbradioterapia.com.br,Other,,FALSE
sbrh.org.br,Other,,FALSE
sbt.com.br,Earned Media,Earned Media BR,FALSE
sbteim.org.br,Other,,FALSE
sbtmo.org.br,Institutions,Institution BR,FALSE
sbu-sp.org.br,Other,,FALSE
sbu.org.br,Other,,FALSE
sc.gov,Institutions,Institution Global,FALSE
sc.gov.br,Institutions,Institution BR,FALSE
scarppatiebarbozadv.com.br,Other,,FALSE
scbt.com,Other,,FALSE
schenautomacao.com.br,Other,,FALSE
sciadvances.com.br,Earned Media,Earned Media BR,FALSE
sciath.com.br,Other,,FALSE
scielo.br,Institutions,Institution BR,FALSE
scielo.cl,Institutions,Institution Global,FALSE
scielo.org,Institutions,Institution Global,FALSE
scielo.org.co,Institutions,Institution Global,FALSE
scielo.org.pe,Institutions,Institution Global,FALSE
scielo.pt,Institutions,Institution Global,FALSE
scielo.sa.cr,Institutions,Institution Global,FALSE
scielosp.org,Institutions,Institution Global,FALSE
sciencedirect.com,Institutions,Institution Global,FALSE
scienceinsights.org,Earned Media,Earned Media Global,FALSE
sciencelink.com,Earned Media,Earned Media Global,FALSE
sciencemediacentre.es,Institutions,Institution Global,FALSE
scienceopen.com,Other,,FALSE
scientificsociety.net,Other,,FALSE
sciety.org,Earned Media,Earned Media Global,FALSE
scimagoir.com,Institutions,Institution Global,FALSE
scirp.org,Institutions,Institution Global,FALSE
scisaude.com.br,Other,,FALSE
scisimple.com,Earned Media,Earned Media Global,FALSE
scispace.com,Other,,FALSE
scl.adv.br,Other,,FALSE
scmastologia.com.br,Other,,FALSE
scmi.org.br,Other,,FALSE
scribd.com,Social,,FALSE
sdbonline.org,Other,,FALSE
sdr-sbn.org.br,Other,,FALSE
sdrmedicamentos.com.br,Other,,FALSE
se-novaera.org.br,Other,,FALSE
se.gov.br,Institutions,Institution BR,FALSE
seattlechildrens.org,Institutions,Institution Global,FALSE
sebbm.es,Institutions,Institution Global,FALSE
sebrae-sc.com.br,Institutions,Institution BR,FALSE
sec.gov,Institutions,Institution Global,FALSE
sechat.com.br,Earned Media,Earned Media BR,FALSE
seconci-sp.org.br,Institutions,Institution BR,FALSE
seculoxximinas.com.br,Other,,FALSE
seercmg.com,Other,,FALSE
seesp.com.br,Other,,FALSE
sefh.es,Institutions,Institution Global,FALSE
segfoco.com.br,Other,,FALSE
segmedic.com.br,Other,,FALSE
segredodela.com.br,Other,,FALSE
segs.com.br,Earned Media,Earned Media BR,FALSE
segurosaudesa.com.br,Other,,FALSE
segurosunimed.com.br,Other,,FALSE
seibref.com.br,Other,,FALSE
seltene-nierenerkrankungen.de,Other,,FALSE
semanaacademica.org.br,Institutions,Institution BR,FALSE
semanariozonanorte.com.br,Other,,FALSE
semanticscholar.org,Institutions,Institution Global,FALSE
sembarreiras.com.br,Other,,FALSE
semearfertilidade.com,Other,,FALSE
semprematerna.com.br,Other,,FALSE
senac.br,Institutions,Institution BR,FALSE
senadis.gob.cl,Other,,FALSE
senado.gov.br,Institutions,Institution BR,FALSE
senado.leg.br,Institutions,Institution BR,FALSE
senarpiaui.org.br,Other,,FALSE
senhoritadeise.com,Other,,FALSE
sensisaude.com.br,Other,,FALSE
seom.org,Institutions,Institution Global,FALSE
seoq.org,Other,,FALSE
sequipe.com.br,Other,,FALSE
serasa.com.br,Other,,FALSE
serasaexperian.com.br,Other,,FALSE
sercirurgiaplastica.com.br,Other,,FALSE
serconmed.com.br,Other,,FALSE
seres.org.pt,Other,,FALSE
sergiofranco.com.br,Other,,FALSE
sergiomasili.com.br,Other,,FALSE
sergovantseva.com,Other,,FALSE
serjusmig.org.br,Other,,FALSE
sermo.com,Other,,FALSE
serplamed.com.br,Other,,FALSE
sertepnoticias.com.br,Other,,FALSE
service.gov.uk,Institutions,Institution Global,FALSE
serviciopediatria.com,Institutions,Institution Global,FALSE
serviir.com.br,Other,,FALSE
servimedic.com.br,Other,,FALSE
sescpr.com.br,Institutions,Institution BR,FALSE
sesisenai.org.br,Institutions,Institution BR,FALSE
sespm.es,Other,,FALSE
set.edu.br,Institutions,Institution BR,FALSE
set.or.th,Other,,FALSE
setelagoas.com.br,Earned Media,Earned Media BR,FALSE
setorsaude.com.br,Earned Media,Earned Media BR,FALSE
setrasplante.org,Other,,FALSE
seucardio.com.br,Other,,FALSE
seudinheiro.com,Earned Media,Earned Media Global,FALSE
seuguiadesaude.com.br,Earned Media,Earned Media BR,FALSE
sevenpubl.com.br,Institutions,Institution BR,FALSE
sfda.gov.sa,Institutions,Institution Global,FALSE
sfgm-tc.com,Other,,FALSE
sfh-tr.nhs.uk,Institutions,Institution Global,FALSE
sfigueiredoadvocacia.com.br,Other,,FALSE
sgc.com.br,Earned Media,Earned Media BR,FALSE
shalomtreinamentos.com.br,Other,,FALSE
share4rare.org,Other,,FALSE
sharecancersupport.org,Institutions,Institution Global,FALSE
sharecare.com,Other,,FALSE
shareing-careing.org,Institutions,Institution Global,FALSE
sharp.com,Institutions,Institution Global,FALSE
sheffieldchildrens.nhs.uk,Institutions,Institution Global,FALSE
shemdpodcast.com,Earned Media,Earned Media Global,FALSE
shifamhealth.com,Other,,FALSE
shinva.com,Other,,FALSE
shlaw.com.br,Other,,FALSE
shoitiurakawa.com.br,Other,,FALSE
showmetech.com.br,Earned Media,Earned Media BR,FALSE
shrinerschildrens.org,Institutions,Institution Global,FALSE
siate.com.br,Other,,FALSE
sicnoticias.pt,Earned Media,Earned Media Global,FALSE
sicoob.com.br,Other,,FALSE
sicredi.com.br,Other,,FALSE
sidra.org,Institutions,Institution Global,FALSE
siemens-healthineers.com,Other,,FALSE
sigmaaldrich.com,Other,,FALSE
signalsfs.com,Earned Media,Earned Media Global,FALSE
significadosdepalavras.com,Earned Media,Earned Media Global,FALSE
signpost.healthcare,Other,,FALSE
signsofsma.com,Other,,FALSE
sigsaudemental.com.br,Other,HCP,FALSE
siicsalud.com,Earned Media,Earned Media Global,FALSE
silence-therapeutics.com,Other,,FALSE
siliconecenter.com.br,Other,,FALSE
silvaefreitas.com,Other,,FALSE
silviobromberg.com.br,Other,HCP,FALSE
simbiox.com.br,Other,,FALSE
simers.org.br,Institutions,Institution BR,FALSE
simnoticias.com.br,Other,,FALSE
simonssearchlight.org,Institutions,Institution Global,FALSE
simplafy.com.br,Other,,FALSE
simpleorganic.com.br,Other,,FALSE
simpleosce.com,Other,,FALSE
simplificaportugal.com.br,Other,,FALSE
simplify.jobs,Other,,FALSE
simplyhealthcareplans.com,Other,,FALSE
simposiomama.com.br,Other,,FALSE
simtax.com.br,Other,,FALSE
sinaisdeame.pt,Other,,FALSE
sinapse.pt,Other,,FALSE
sindhosp.org.br,Other,,FALSE
sindihospa.com.br,Other,,FALSE
sindimedmt.com.br,Other,,FALSE
sindivigilantesdosul.org.br,Other,,FALSE
sindmepa.org.br,Other,,FALSE
sindsef-sp.org.br,Other,,FALSE
sindusfarma.org.br,Other,,FALSE
singhealth.com.sg,Institutions,Institution Global,FALSE
singlecare.com,Other,,FALSE
singularmedicamentos.com.br,Other,,FALSE
sinostemcells.com,Other,,FALSE
sinprodf.org.br,Other,,FALSE
sintomas.pt,Other,,FALSE
siphoxhealth.com,Other,,FALSE
siriolibanes.org.br,Other,,FALSE
sissaude.com.br,Other,HCP,FALSE
sistemaclin.com.br,Other,,FALSE
sistemafamasul.com.br,Other,,FALSE
sistemasfacenern.com.br,Other,,FALSE
site-drs-group.vercel.app,Other,,FALSE
site.com,Other,,FALSE
site.med.br,Other,,FALSE
skalnik.pl,Other,,FALSE
skincancer.org,Institutions,Institution Global,FALSE
sld.cu,Institutions,Institution Global,FALSE
slideshare.net,Social,,FALSE
sls.cl,Other,,FALSE
slu.edu.ng,Institutions,Institution Global,FALSE
sma-europe.eu,Institutions,Institution Global,FALSE
smaaustralia.org.au,Institutions,Institution Global,FALSE
smafoundation.org,Institutions,Institution Global,FALSE
smaireland.com,Institutions,Institution Global,FALSE
smanewstoday.com,Earned Media,Earned Media Global,FALSE
smartfit.com.br,Other,,FALSE
smartnoticias.com,Earned Media,Earned Media Global,FALSE
smasrbija.rs,Other,,FALSE
smauk.org.uk,Institutions,Institution Global,FALSE
smerp.com.br,Other,,FALSE
smfm.org,Institutions,Institution Global,FALSE
smithmartinsadv.com.br,Other,,FALSE
smj.rs,Institutions,Institution Global,FALSE
smn.org.br,Other,,FALSE
smolecule.com,Other,,FALSE
smw.ch,Institutions,Institution Global,FALSE
snof.com.br,Other,,FALSE
sns24.gov.pt,Institutions,Institution Global,FALSE
soadvogados.com,Other,,FALSE
soaresadvogados.net,Other,,FALSE
sobcontrolecentrus.com.br,Other,,FALSE
sobi.com,Other,,FALSE
sobracil.org.br,Other,,FALSE
sobraladvogados.adv.br,Other,,FALSE
sobrapar.org.br,Other,,FALSE
sobreraras.org.br,Other,,FALSE
sobrice.org.br,Institutions,Institution BR,FALSE
socesp.org.br,Institutions,Institution BR,FALSE
socesp2024.com.br,Other,,FALSE
socgastro.org.br,Institutions,Institution BR,FALSE
socialmentes.net,Other,,FALSE
sociedadedeadvogados.com.br,Other,,FALSE
sociisrh.com.br,Other,,FALSE
soescola.com,Earned Media,Earned Media Global,FALSE
sogimig.org.br,Other,,FALSE
sogirgs.org.br,Other,,FALSE
solides.com.br,Other,,FALSE
solinca.pt,Other,,FALSE
solmedicamentos.com.br,Other,,FALSE
solumedi.com.br,Other,,FALSE
solusoncologia.com,Other,,FALSE
somei.com.vc,Other,,FALSE
somospacientes.com,Earned Media,Earned Media Global,FALSE
somospopular.com.br,Other,,FALSE
somosprojetoamigos.com,Other,,FALSE
sonavi.com.br,Other,,FALSE
sonesp.org.br,Other,,FALSE
sonhosemimos.com.br,Other,,FALSE
sonoticiaboa.com.br,Earned Media,Earned Media BR,FALSE
soperj.com.br,Institutions,Institution BR,FALSE
sopoesias.com,Other,,FALSE
sorayapsicologa.com,Other,,FALSE
sorryr-1.com.br,Other,,FALSE
sosbrasilpsicanalise.com.br,Other,,FALSE
soscardio.com.br,Other,,FALSE
soubrasilia.com,Other,,FALSE
soudepalmas.com.br,Other,,FALSE
souenfermagem.com.br,Other,,FALSE
soumaisvida.com.br,Other,,FALSE
southamericansciences.com.br,Other,,FALSE
southernokc.com,Other,,FALSE
souzamarques.br,Institutions,Institution BR,FALSE
sovitaativos.com.br,Other,,FALSE
sp-foundation.org,Institutions,Institution Global,FALSE
sp.gov.br,Institutions,Institution BR,FALSE
sp.leg.br,Institutions,Institution BR,FALSE
spaic.pt,Other,,FALSE
sparkpediatrics.com,Other,,FALSE
spatzmedical.com,Other,,FALSE
spcbrasil.com.br,Other,,FALSE
spdm.org.br,Institutions,Institution BR,FALSE
spdmafiliadas.org.br,Other,,FALSE
special.com.br,Other,,FALSE
specialtypharmacycontinuum.com,Earned Media,Earned Media Global,FALSE
spedm.pt,Institutions,Institution Global,FALSE
spem.pt,Other,,FALSE
sperling.adv.br,Other,,FALSE
spgh.net,Other,,FALSE
sphericalinsights.com,Other,,FALSE
spherixglobalinsights.com,Other,,FALSE
spinalmuscularatrophy.net,Other,,FALSE
spinraza.com,Other,,FALSE
spirehealthcare.com,Other,,FALSE
splendore.co,Other,,FALSE
spmastologia.com.br,Other,HCP,FALSE
spmfrjournal.org,Other,,FALSE
spnefro.pt,Other,,FALSE
spommf.pt,Other,,FALSE
sponcologiaclinica.com.br,Other,,FALSE
spp.pt,Institutions,Institution Global,FALSE
springer.com,Institutions,Institution Global,FALSE
springermedicine.com,Earned Media,Earned Media Global,FALSE
springermedizin.de,Earned Media,Earned Media Global,FALSE
springeropen.com,Institutions,Institution Global,FALSE
sprintdiagnostics.in,Other,,FALSE
sprs.com.br,Other,,FALSE
sps.nhs.uk,Institutions,Institution Global,FALSE
spsp.org.br,Institutions,Institution BR,FALSE
spximagem.com.br,Other,,FALSE
sqadvogados.com,Other,,FALSE
squarespace.com,Other,,FALSE
srishankaracancerhospital.org,Other,,FALSE
srped.com.br,Other,,FALSE
ssa.gov,Institutions,Institution Global,FALSE
sso.com.br,Other,,FALSE
standsureonline.co.uk,Other,,FALSE
stanfordchildrens.org,Other,,FALSE
star.med.br,Other,,FALSE
starhealth.in,Other,,FALSE
state.il.us,Institutions,Institution Global,FALSE
statnews.com,Earned Media,Earned Media Global,FALSE
staywellsolutionsonline.com,Other,,FALSE
stcpharmacy.com,Other,,FALSE
steinberg.net,Other,,FALSE
stellantissaude.com.br,Other,HCP,FALSE
sterlinghospitals.com,Other,,FALSE
stf.jus.br,Institutions,Institution BR,FALSE
stj.jus.br,Institutions,Institution BR,FALSE
stjude.org,Institutions,Institution Global,FALSE
stlouischildrens.org,Institutions,Institution Global,FALSE
stocktitan.net,Earned Media,Earned Media Global,FALSE
stopbreastcancer.org,Institutions,Institution Global,FALSE
stopcancerportugal.com,Other,,FALSE
strivehealth.com,Other,,FALSE
stts.pt,Other,,FALSE
studiespublicacoes.com.br,Other,,FALSE
studiobaleia.com,Other,,FALSE
studocu.com,Other,,FALSE
study.com,Other,,FALSE
studyfi.com,Other,,FALSE
studylib.net,Other,,FALSE
suasaudemyralis.com.br,Other,HCP,FALSE
subpav.org,Other,,FALSE
substack.com,Social,,FALSE
suburbankidneycare.com,Other,,FALSE
sul21.com.br,Earned Media,Earned Media BR,FALSE
sulamerica.com.br,Other,,FALSE
suleymanyedibela.com,Other,,FALSE
sulinformacao.pt,Earned Media,Earned Media Global,FALSE
sumairafoundation.org,Institutions,Institution Global,FALSE
summit-re.com,Other,,FALSE
superclinica.com.br,Other,HCP,FALSE
superiorhealthplan.com,Other,,FALSE
superpower.com,Other,,FALSE
supersipat.com.br,Other,,FALSE
supertreino.com,Other,,FALSE
suplementosgolfeto.com.br,Other,,FALSE
supp.science,Other,,FALSE
suprema.edu.br,Other,,FALSE
supremotv.com.br,Other,,FALSE
suprevida.com.br,Earned Media,Earned Media BR,FALSE
surgery.com.br,Other,,FALSE
surgicaloncology.com.au,Other,,FALSE
survivingbreastcancer.org,Institutions,Institution Global,FALSE
survivornet.com,Earned Media,Earned Media Global,FALSE
susdigital.org.br,Other,,FALSE
sutterhealth.org,Institutions,Institution Global,FALSE
svriglobal.com,Other,,FALSE
swissinfo.ch,Earned Media,Earned Media Global,FALSE
swissmedic.ch,Institutions,Institution Global,FALSE
swissmedicinfo-pro.ch,Institutions,Institution Global,FALSE
swog.org,Institutions,Institution Global,FALSE
sympla.com.br,Other,,FALSE
symptomgpt.ai,Other,,FALSE
synapseconnect.org,Institutions,Institution Global,FALSE
syneticx.com,Other,,FALSE
synevo.pl,Other,,FALSE
synlab-sd.com,Other,,FALSE
synlab.fr,Other,,FALSE
sysmex.nl,Other,,FALSE
sysmex.pt,Other,,FALSE
tabelaplanos.com.br,Other,,FALSE
tabletscapsules.com,Earned Media,Earned Media Global,FALSE
tacchinimedical.com.br,Other,,FALSE
tadeclinicagem.com.br,Earned Media,Earned Media BR,FALSE
tafelliritz.com.br,Other,,FALSE
taicrossfit.com.br,Other,,FALSE
taiwancancercare.org,Other,,FALSE
takanourologia.com.br,Other,HCP,FALSE
takeda.com,Other,,FALSE
takedapro.com.br,Other,,FALSE
talentbrand.com.br,Other,,FALSE
talitasantosadvogada.com.br,Other,,FALSE
talktoangel.com,Other,,FALSE
tamarin.com.br,Other,,FALSE
tamc.co.il,Other,,FALSE
tandfonline.com,Institutions,Institution Global,FALSE
tapejaraagora.com.br,Other,,FALSE
targetedonc.com,Earned Media,Earned Media Global,FALSE
targetproteinuria.com,Other,,FALSE
targifor.com.br,Other,,FALSE
tarpeyohcp.com,Other,,FALSE
tatigastao.com.br,Other,,FALSE
tau.ac.il,Institutions,Institution Global,FALSE
tcadvs.com.br,Other,,FALSE
tche.br,Other,,FALSE
tcpalm.com,Earned Media,Earned Media Global,FALSE
tcu.gov.br,Institutions,Institution BR,FALSE
tdn.org.br,Other,,FALSE
tdx.cat,Institutions,Institution Global,FALSE
tebra.com,Other,,FALSE
techrecruiterbrazil.com,Other,,FALSE
tecmundo.com.br,Earned Media,Earned Media BR,FALSE
tecnofit.com.br,Other,,FALSE
tegrapharma.com,Other,,FALSE
telavita.com.br,Other,,FALSE
teleflex.com,Other,,FALSE
telemedicinamorsch.com.br,Other,,FALSE
teleton.cl,Other,,FALSE
tellmegen.com,Other,,FALSE
tena.com.br,Other,,FALSE
tena.pt,Other,,FALSE
tendadosenhor.com.br,Other,,FALSE
tenentecoimbra.com.br,Other,,FALSE
tenorioadvogados.com,Other,,FALSE
terapeutaemilsonsilva.com.br,Other,,FALSE
terapiacognitiva.com.br,Other,,FALSE
terapiascopacabana.com.br,Other,,FALSE
terceirosetor.net,Other,,FALSE
teresabranco.com,Other,,FALSE
termo.azurewebsites.net,Other,,FALSE
terra.com.br,Earned Media,Earned Media BR,FALSE
terradomandu.com.br,Other,,FALSE
terrapereira.com.br,Other,,FALSE
testcatalog.org,Institutions,Institution Global,FALSE
testedabochechinha.com.br,Other,,FALSE
testicularcancer.org,Institutions,Institution Global,FALSE
testing.com,Other,,FALSE
testmottagningen.se,Other,,FALSE
testyou.com.br,Other,,FALSE
teva.pt,Other,,FALSE
tevacuidar.com,Other,,FALSE
texas.gov,Institutions,Institution Global,FALSE
texasbreastcenter.com,Other,,FALSE
texasspecialtyclinic.com,Other,,FALSE
tg.org.au,Institutions,Institution Global,FALSE
tga.gov.au,Institutions,Institution Global,FALSE
tgh.org,Institutions,Institution Global,FALSE
tgtransport.net,Other,,FALSE
thalassaemia.org.cy,Institutions,Institution Global,FALSE
thatianegraseffe.com.br,Other,,FALSE
the-independent.com,Earned Media,Earned Media Global,FALSE
theaftercancer.com,Other,,FALSE
thebreastonline.com,Earned Media,Earned Media Global,FALSE
thechc.com,Other,,FALSE
theclinics.com,Other,,FALSE
theconversation.com,Earned Media,Earned Media Global,FALSE
theeducatedpatient.com,Earned Media,Earned Media Global,FALSE
theglobeandmail.com,Earned Media,Earned Media Global,FALSE
theguardian.com,Earned Media,Earned Media Global,FALSE
theheritagehospitals.com,Other,,FALSE
theinvestment.pt,Earned Media,Earned Media Global,FALSE
theipna.org,Institutions,Institution Global,FALSE
theisn.org,Institutions,Institution Global,FALSE
thejcn.com,Institutions,Institution Global,FALSE
thekingsleyclinic.com,Other,,FALSE
thelancet.com,Institutions,Institution Global,FALSE
theliven.com,Other,,FALSE
themedicaltips.com,Earned Media,Earned Media Global,FALSE
themedicalxchange.com,Earned Media,Earned Media Global,FALSE
themednet.org,Other,,FALSE
themighty.com,Other,,FALSE
theoncologynurse.com,Earned Media,Earned Media Global,FALSE
thepatientstory.com,Earned Media,Earned Media Global,FALSE
thepharmaletter.com,Earned Media,Earned Media Global,FALSE
theportugalnews.com,Earned Media,Earned Media Global,FALSE
therapyminds.com.br,Other,,FALSE
theraskin.com.br,Other,,FALSE
theravance.com,Other,,FALSE
thermofisher.com,Other,,FALSE
thesmartcube.com,Other,,FALSE
thetransmitter.org,Earned Media,Earned Media Global,FALSE
thetrialfinder.com,Other,,FALSE
thetutuproject.com,Institutions,Institution Global,FALSE
thiagocastronefrologista.com.br,Other,HCP,FALSE
thiagowestmann.com.br,Other,,FALSE
thieme-connect.com,Earned Media,Earned Media Global,FALSE
thinkkidneys.nhs.uk,Institutions,Institution Global,FALSE
thmais.com.br,Earned Media,Earned Media BR,FALSE
thomsonmedical.com,Other,,FALSE
thryvedigest.com,Earned Media,Earned Media Global,FALSE
thumbayuniversityhospital.com,Other,,FALSE
tiagomasotti.com.br,Other,,FALSE
tiernopress.com.br,Other,,FALSE
tiktok.com,Social,,FALSE
time.com,Earned Media,Earned Media Global,FALSE
timesbrasil.com.br,Earned Media,Earned Media BR,FALSE
tipsterdaily.com,Other,,FALSE
tiro.expert,Earned Media,Earned Media Global,FALSE
tismoo.com.br,Other,,FALSE
titopalmelaleitao.com,Other,,FALSE
tix.life,Other,,FALSE
tjba.jus.br,Institutions,Institution BR,FALSE
tjcc.com.br,Institutions,Institution BR,TRUE
tjdft.jus.br,Institutions,Institution BR,FALSE
tjmg.jus.br,Institutions,Institution BR,FALSE
tjmt.jus.br,Institutions,Institution BR,FALSE
tjpr.jus.br,Institutions,Institution BR,FALSE
tjrj.jus.br,Institutions,Institution BR,FALSE
tjsc.jus.br,Institutions,Institution BR,FALSE
tjsp.jus.br,Institutions,Institution BR,FALSE
tmcaz.com,Other,,FALSE
tnbcfoundation.org,Institutions,Institution Global,FALSE
tnh1.com.br,Earned Media,Earned Media BR,FALSE
to.def.br,Other,,FALSE
to.gov.br,Institutions,Institution BR,FALSE
todasasrespostas.pt,Other,,FALSE
today.com,Earned Media,Earned Media Global,FALSE
todosloshechos.es,Other,,FALSE
togetherinsma.com,Other,,FALSE
togetherinsma.eu,Other,,FALSE
togetherinsma.pt,Other,,FALSE
toigoimagem.com.br,Other,,FALSE
tolife.org,Institutions,Institution Global,FALSE
tomsobretom.pt,Other,,FALSE
tomuseimagem.com.br,Other,,FALSE
toniolourologiadracena.com.br,Other,HCP,FALSE
tononadvogados.com.br,Other,,FALSE
tooldone.com,Earned Media,Earned Media Global,FALSE
top10mamahaoc.com.br,Other,,FALSE
topinvest.com.br,Other,,FALSE
topsaudeclinicasmedicas.com,Other,,FALSE
toroinvestimentos.com.br,Other,,FALSE
totalpass.com,Other,,FALSE
toucageladabrasileira.com.br,Other,,FALSE
tp53.org.uk,Other,,FALSE
tradingsat.com,Earned Media,Earned Media Global,FALSE
tradingview.com,Other,,FALSE
traive.com.br,Other,,FALSE
transplant-wissen.de,Other,,FALSE
transplantederim.com,Other,,FALSE
tratamentocelulastronco.com,Other,,FALSE
travere.com,Other,,FALSE
treat-nmd.org,Institutions,Institution Global,FALSE
treccani.it,Institutions,Institution Global,FALSE
treevet.com,Other,,FALSE
trf2.jus.br,Institutions,Institution BR,FALSE
trf3.jus.br,Institutions,Institution BR,FALSE
trf4.jus.br,Institutions,Institution BR,FALSE
trf5.jus.br,Institutions,Institution BR,FALSE
tri-kobe.org,Institutions,Institution Global,FALSE
trial-in.com,Other,,FALSE
trialfriend.com,Other,,FALSE
trialx.com,Other,,FALSE
tribemd.com,Other,,FALSE
tribunademinas.com.br,Earned Media,Earned Media BR,FALSE
tribunadepetropolis.com.br,Other,,FALSE
tribunadonorte.com.br,Earned Media,Earned Media BR,FALSE
tribunadoplanalto.com.br,Earned Media,Earned Media BR,FALSE
tribunaonline.com.br,Earned Media,Earned Media BR,FALSE
tribune.cz,Earned Media,Earned Media Global,FALSE
trilhante.com.br,Other,,FALSE
trofasaude.pt,Other,,FALSE
trt16.jus.br,Institutions,Institution BR,FALSE
trt18.jus.br,Institutions,Institution BR,FALSE
trt4.jus.br,Institutions,Institution BR,FALSE
trt6.jus.br,Institutions,Institution BR,FALSE
trualta.com,Other,,FALSE
tsa.adv.br,Other,,FALSE
tscalliance.org,Institutions,Institution Global,FALSE
tsim.org.tw,Institutions,Institution Global,FALSE
tslaw.com.br,Other,,FALSE
tst.jus.br,Institutions,Institution BR,FALSE
tsurch.com,Other,,FALSE
tuasaude.com,Other,,FALSE
tuberktoraks.org,Institutions,Institution Global,FALSE
tucanaldesalud.com,Other,,FALSE
tudoporemail.com.br,Earned Media,Earned Media BR,FALSE
tudosobrecelulastronco.com.br,Other,,FALSE
tuotromedico.com,Other,,FALSE
tupi.fm,Earned Media,Earned Media Global,FALSE
turismoemportugal.com.br,Other,,FALSE
tury.net.br,Other,,FALSE
tuttytoys.com.br,Other,,FALSE
tvtnews.com.br,Earned Media,Earned Media BR,FALSE
twinings.com.br,Other,,FALSE
twoworldsmd.com,Other,,FALSE
uai.com.br,Earned Media,Earned Media BR,FALSE
uai.edu.ar,Institutions,Institution Global,FALSE
ualmedia.pt,Other,,FALSE
ubiehealth.com,Other,,FALSE
uc.pt,Institutions,Institution Global,FALSE
ucb-biopharma.com.br,Other,,FALSE
ucchristus.cl,Other,,FALSE
uchicago.edu,Institutions,Institution Global,FALSE
ucihealth.org,Institutions,Institution Global,FALSE
ucl.ac.uk,Institutions,Institution Global,FALSE
uclahealth.org,Institutions,Institution Global,FALSE
uclh.nhs.uk,Institutions,Institution Global,FALSE
uclouvain.be,Institutions,Institution Global,FALSE
ucs.br,Institutions,Institution BR,FALSE
ucs.pt,Other,,FALSE
ucsf.edu,Institutions,Institution Global,FALSE
ucsfbenioffchildrens.org,Institutions,Institution Global,FALSE
ucsfhealth.org,Institutions,Institution Global,FALSE
udesc.br,Institutions,Institution BR,FALSE
udiempauta.com,Other,,FALSE
ueg.br,Institutions,Institution BR,FALSE
uem.br,Institutions,Institution BR,FALSE
uerj.br,Institutions,Institution BR,FALSE
uesb.br,Institutions,Institution BR,FALSE
ufal.br,Institutions,Institution BR,FALSE
ufam.edu.br,Institutions,Institution BR,FALSE
ufba.br,Institutions,Institution BR,FALSE
ufc.br,Institutions,Institution BR,FALSE
ufes.br,Institutions,Institution BR,FALSE
uff.br,Institutions,Institution BR,FALSE
uffs.edu.br,Institutions,Institution BR,FALSE
ufg.br,Institutions,Institution BR,FALSE
ufjf.br,Institutions,Institution BR,FALSE
ufla.br,Institutions,Institution BR,FALSE
ufma.br,Institutions,Institution BR,FALSE
ufmg.br,Institutions,Institution BR,FALSE
ufms.br,Institutions,Institution BR,FALSE
ufop.br,Institutions,Institution BR,FALSE
ufp.pt,Institutions,Institution Global,FALSE
ufpa.br,Institutions,Institution BR,FALSE
ufpb.br,Institutions,Institution BR,FALSE
ufpel.edu.br,Institutions,Institution BR,FALSE
ufpi.br,Institutions,Institution BR,FALSE
ufpr.br,Institutions,Institution BR,FALSE
ufrb.edu.br,Institutions,Institution BR,FALSE
ufrgs.br,Institutions,Institution BR,FALSE
ufrj.br,Institutions,Institution BR,FALSE
ufrn.br,Institutions,Institution BR,FALSE
ufrrj.br,Institutions,Institution BR,FALSE
ufs.br,Institutions,Institution BR,FALSE
ufsc.br,Institutions,Institution BR,FALSE
ufscar.br,Institutions,Institution BR,FALSE
ufsj.edu.br,Institutions,Institution BR,FALSE
ufsm.br,Institutions,Institution BR,FALSE
uftm.edu.br,Institutions,Institution BR,FALSE
ufu.br,Institutions,Institution BR,FALSE
ugt.org.br,Other,,FALSE
uhcprovider.com,Other,,FALSE
uhcw.nhs.uk,Institutions,Institution Global,FALSE
uhgiving.org,Institutions,Institution Global,FALSE
uhhospitals.org,Other,,FALSE
uhsussex.nhs.uk,Institutions,Institution Global,FALSE
uicc.org,Institutions,Institution Global,FALSE
uihc.org,Institutions,Institution Global,FALSE
uiowa.edu,Institutions,Institution Global,FALSE
uk-erlangen.de,Institutions,Institution Global,FALSE
ukkidney.org,Institutions,Institution Global,FALSE
uktis.org,Institutions,Institution Global,FALSE
uky.edu,Institutions,Institution Global,FALSE
ul.pt,Institutions,Institution Global,FALSE
ul250.com,Other,,FALSE
ulisboa.pt,Institutions,Institution Global,FALSE
ultracare.med.br,Other,,FALSE
ultrarad.com.br,Other,,FALSE
umaonline.com.br,Other,,FALSE
umassmed.edu,Institutions,Institution Global,FALSE
umassmemorialhealthcare.org,Other,,FALSE
umcenter.com.br,Other,,FALSE
umchealthsystem.com,Other,,FALSE
umcomo.com.br,Earned Media,Earned Media BR,FALSE
umcutrecht.nl,Institutions,Institution Global,FALSE
umdiabetico.com.br,Earned Media,Earned Media BR,FALSE
umiamihealth.org,Institutions,Institution Global,FALSE
umich.edu,Institutions,Institution Global,FALSE
ummhealth.org,Other,,FALSE
umms.org,Other,,FALSE
ump.pt,Other,,FALSE
unabrasil.org.br,Other,,FALSE
unaccam.org.br,Other,,FALSE
unasco.com.br,Other,,FALSE
unasus.gov.br,Institutions,Institution BR,FALSE
unc.edu,Institutions,Institution Global,FALSE
unckidneycenter.org,Institutions,Institution Global,FALSE
uncontrolledbcell.com,Earned Media,Earned Media Global,FALSE
unensayoparami.org,Other,,FALSE
unesp.br,Institutions,Institution BR,FALSE
uniaocard.com.br,Other,,FALSE
uniaomedica.com.br,Other,,FALSE
unibrasil.com.br,Other,,FALSE
unicamp.br,Institutions,Institution BR,FALSE
unicef.org,Institutions,Institution Global,FALSE
uniceub.br,Institutions,Institution BR,FALSE
unichristus.edu.br,Institutions,Institution BR,FALSE
unidospelavida.org.br,Institutions,Institution BR,TRUE
unidosporlaame.es,Other,,FALSE
uniepre.com.br,Other,,FALSE
unievangelica.edu.br,Institutions,Institution BR,FALSE
unifacig.edu.br,Other,,FALSE
unifap.br,Institutions,Institution BR,FALSE
unifert.com.br,Other,,FALSE
unifeso.edu.br,Institutions,Institution BR,FALSE
unifesp.br,Institutions,Institution BR,FALSE
unifev.edu.br,Other,,FALSE
unifimes.edu.br,Institutions,Institution BR,FALSE
unifip.com.br,Other,,FALSE
unifip.edu.br,Other,,FALSE
unifique.com.br,Other,,FALSE
unifoa.edu.br,Institutions,Institution BR,FALSE
unifor.br,Institutions,Institution BR,FALSE
unige.ch,Institutions,Institution Global,FALSE
unijui.edu.br,Institutions,Institution BR,FALSE
unil.ch,Institutions,Institution Global,FALSE
unilabs.pt,Other,,FALSE
unilago.edu.br,Institutions,Institution BR,FALSE
unilasalle.edu.br,Institutions,Institution BR,FALSE
unileao.edu.br,Institutions,Institution BR,FALSE
unils.edu.br,Other,,FALSE
unimar.br,Other,,FALSE
unime.edu.br,Other,,FALSE
unimed.coop.br,Other,,FALSE
unimedanhanguera.com.br,Other,,FALSE
unimedbh.com.br,Other,,FALSE
unimedcampinas.com.br,Other,,FALSE
unimedfortaleza.com.br,Other,,FALSE
unimeditumbiara.com.br,Other,,FALSE
unimedlestepaulista.com.br,Other,,FALSE
unimedlitoral.com.br,Other,,FALSE
unimedprudente.com.br,Other,,FALSE
unimedvtrp.com.br,Other,,FALSE
unimesvirtual.com.br,Other,,FALSE
unimg.edu.br,Other,,FALSE
unimi.it,Institutions,Institution Global,FALSE
uninassau.edu.br,Institutions,Institution BR,FALSE
unincor.br,Other,,FALSE
uninefron.com.br,Other,HCP,FALSE
unintese.com.br,Other,,FALSE
unip.br,Institutions,Institution BR,FALSE
unipac.br,Other,,FALSE
unipampa.edu.br,Institutions,Institution BR,FALSE
unirioja.es,Institutions,Institution Global,FALSE
unirv.edu.br,Institutions,Institution BR,FALSE
unisa.br,Institutions,Institution BR,FALSE
unisc.br,Institutions,Institution BR,FALSE
unisinos.br,Institutions,Institution BR,FALSE
unit.br,Institutions,Institution BR,FALSE
unityscreen.com,Other,,FALSE
univag.com.br,Other,,FALSE
univale.br,Institutions,Institution BR,FALSE
univap.br,Institutions,Institution BR,FALSE
univassouras.edu.br,Institutions,Institution BR,FALSE
universalmedicaltravel.com,Other,,FALSE
universidadeuropea.com,Institutions,Institution Global,FALSE
universocoletivoame.com.br,Other,,TRUE
universofinanceiro.com.br,Other,,FALSE
universosenior.com,Other,,FALSE
unne.edu.ar,Institutions,Institution Global,FALSE
unoeste.br,Institutions,Institution BR,FALSE
unohealthcare.com.br,Other,,FALSE
unsw.edu.au,Institutions,Institution Global,FALSE
uofmhealth.org,Other,,FALSE
uol.com.br,Earned Media,Earned Media BR,FALSE
uomus.edu.iq,Institutions,Institution Global,FALSE
uopeccan.org.br,Other,,FALSE
up.ac.pa,Institutions,Institution Global,FALSE
up.pt,Institutions,Institution Global,FALSE
upe.br,Other,,FALSE
upiara.com.br,Other,,FALSE
upmc.com,Other,,FALSE
upmc.edu,Institutions,Institution Global,FALSE
uptocure.com,Other,,FALSE
uptodate.com,Other,,FALSE
uqora.com,Other,,FALSE
urban.org,Institutions,Institution Global,FALSE
urinebem.com.br,Other,,FALSE
urinenephrology.org,Earned Media,Earned Media Global,FALSE
uro-rs.com.br,Other,,FALSE
urobenvenutti.com.br,Other,,FALSE
urobrasil.com.br,Other,,FALSE
urocad.com.br,Other,,FALSE
urocentro.com,Other,,FALSE
urochuc.site,Other,,FALSE
urocirurgia.com.br,Other,HCP,FALSE
uroclinicadejoinville.com.br,Other,HCP,FALSE
uroclinicaumuarama.com.br,Other,HCP,FALSE
uroconsult.com.br,Other,,FALSE
urodinamica.com.br,Other,,FALSE
urodinamicarecife.com.br,Other,,FALSE
urologenzentrum.at,Other,,FALSE
urologiabr.com.br,Other,HCP,FALSE
urologiacuritiba.com.br,Other,HCP,FALSE
urologiadexeus.com,Other,,FALSE
urologiadrgermano.com.br,Other,HCP,FALSE
urologiafeminina.com.br,Other,HCP,FALSE
urologiagoiania.com.br,Other,HCP,FALSE
urologiaintegrada.com.br,Other,HCP,FALSE
urologiauerj.com.br,Other,HCP,FALSE
urologic.com,Other,,FALSE
urologicaindaiatuba.com.br,Other,HCP,FALSE
urologistaenefrologista.com.br,Other,HCP,FALSE
urologistajuliobissoli.com.br,Other,HCP,FALSE
urologistapediatrico.com,Other,,FALSE
urologistasanchotene.com.br,Other,HCP,FALSE
urologists.org,Other,,FALSE
urologyaustin.com,Other,,FALSE
urologycenterofflorida.com,Other,,FALSE
urologyhealth.org,Institutions,Institution Global,FALSE
urologysa.com.au,Other,,FALSE
urologyspecialistsnc.com,Other,,FALSE
uromed.com.br,Other,,FALSE
uromedical.com.br,Other,HCP,FALSE
uronewton.com.br,Other,,FALSE
uroparana.com.br,Other,HCP,FALSE
uropediatriasp.com.br,Other,HCP,FALSE
uroprostata.com.br,Other,,FALSE
urosclinica.com.br,Other,HCP,FALSE
uroweb.org,Institutions,Institution Global,FALSE
usal.es,Institutions,Institution Global,FALSE
usc.edu,Institutions,Institution Global,FALSE
uscspesquisaclinica.com.br,Institutions,Institution BR,FALSE
usebip.com,Other,,FALSE
uselinus.com.br,Other,,FALSE
usf.edu.br,Institutions,Institution BR,FALSE
usp.br,Institutions,Institution BR,FALSE
uspto.gov,Institutions,Institution Global,FALSE
utah.edu,Institutions,Institution Global,FALSE
utfpr.edu.br,Institutions,Institution BR,FALSE
utmck.edu,Institutions,Institution Global,FALSE
utsouthwestern.edu,Institutions,Institution Global,FALSE
utswmed.org,Institutions,Institution Global,FALSE
uva.es,Institutions,Institution Global,FALSE
uzleuven.be,Institutions,Institution Global,FALSE
v2v.net,Other,,FALSE
va.gov,Institutions,Institution Global,FALSE
vademecum.es,Earned Media,Earned Media Global,FALSE
vagas.com.br,Other,,FALSE
vagas019.com.br,Other,,FALSE
vaia.com,Other,,FALSE
vaidam.com,Other,,FALSE
vakinha.com.br,Other,,FALSE
valediagnosticos.com.br,Other,,FALSE
valem.com.br,Other,,FALSE
valemaisrs.com.br,Other,,FALSE
valemaissaude.com.br,Other,,FALSE
valenciaplaza.com,Earned Media,Earned Media Global,FALSE
valesaude.com.br,Other,,FALSE
valintermed.com,Other,,FALSE
vallhebron.com,Institutions,Institution BR,FALSE
valuebasedcancer.com,Institutions,Institution Global,FALSE
valuehealthregionalissues.com,Institutions,Institution Global,FALSE
valueinhealthjournal.com,Institutions,Institution Global,FALSE
vanrafia-hcp.com,Other,,FALSE
vanrafia.com,Other,,FALSE
varicell.com.br,Other,,FALSE
varicosetoperfect.com,Other,,FALSE
vascular.pro,Other,,FALSE
vault.com,Earned Media,Earned Media Global,FALSE
vcuhealth.org,Institutions,Institution Global,FALSE
vectorbuilder.com,Other,,FALSE
vedantu.com,Other,,FALSE
veeprho.com,Other,,FALSE
veeva.com,Other,,FALSE
vemproazul.com.br,Other,,FALSE
venceonco.com.br,Other,HCP,FALSE
vencerocancer.org.br,Institutions,Institution BR,TRUE
ventegra.com,Other,,FALSE
ventegra.org,Other,,FALSE
venturacounty.gov,Institutions,Institution Global,FALSE
venturiniurologia.com.br,Other,HCP,FALSE
veraclinic.net,Other,,FALSE
veracyte.com,Other,,FALSE
verahealth.ai,Other,,FALSE
verdesmares.com.br,Earned Media,Earned Media BR,FALSE
verdie.com.br,Other,,FALSE
veridium.com.br,Other,,FALSE
veronicachang.com.br,Other,,FALSE
veronicadenardin.com.br,Other,,FALSE
versatilis.com.br,Other,,FALSE
verylovebeauty.com,Earned Media,Earned Media Global,FALSE
verywellhealth.com,Earned Media,Earned Media Global,FALSE
vetnil.com.br,Other,,FALSE
vetoreditora.com.br,Other,,FALSE
vetsmart.com.br,Earned Media,Earned Media BR,FALSE
vettapharma.com,Earned Media,Earned Media Global,FALSE
vexer.com.br,Other,,FALSE
vgnoticias.com.br,Other,,FALSE
vhpsaude.com.br,Other,HCP,FALSE
viamedica.pl,Earned Media,Earned Media Global,FALSE
viamedsalud.com,Other,,FALSE
vic.gov.au,Institutions,Institution Global,FALSE
victorbarboza.com.br,Other,,FALSE
victorhsgalvao.com.br,Other,,FALSE
vidabemvinda.com.br,Other,,FALSE
vidaeacao.com.br,Earned Media,Earned Media BR,FALSE
vidainovadora.com.br,Other,,FALSE
vidal.fr,Earned Media,Earned Media Global,FALSE
vidaliax.com,Earned Media,Earned Media Global,FALSE
vidalink.com.br,Other,,FALSE
vidamoderna.com.br,Earned Media,Earned Media BR,FALSE
vidasraras.org.br,Other,,FALSE
vidavg.com.br,Other,,FALSE
vieiracortes.com.br,Other,,FALSE
vieiraebrandaoadvogados.com.br,Other,,FALSE
viennapredictionmodel.at,Other,,FALSE
vietnam.vn,Institutions,Institution Global,FALSE
vigi.com,Other,,FALSE
vilela24horas.com.br,Other,,FALSE
vilhenasilva.com.br,Other,,FALSE
vin.com,Other,,FALSE
vincilab.com.br,Other,,FALSE
vindi.com.br,Other,,FALSE
vinmec.com,Other,,FALSE
vipfinanceira.com.br,Other,,FALSE
virbac.com,Other,,FALSE
virginiacancer.com,Other,,FALSE
virtudehospital.com.br,Other,,FALSE
visao.pt,Earned Media,Earned Media Global,FALSE
vitaclinica.com.br,Other,HCP,FALSE
vitalaire.com,Other,,FALSE
vitametria.com,Other,,FALSE
vitat.com.br,Other,,FALSE
vitorbenin.com,Other,,FALSE
vitorcavenaghi.com.br,Other,,FALSE
vitta.vet.br,Other,,FALSE
viva.com.br,Earned Media,Earned Media BR,FALSE
vivacomvitalidade.com,Other,,FALSE
vivaemportugal.com.br,Other,,FALSE
vivamaiscuidadores.com.br,Other,,FALSE
vivaosus.com,Earned Media,Earned Media BR,FALSE
vivaserena.com,Other,,FALSE
viverclinicamedica.com.br,Other,,FALSE
vivercomcancrodamama.pt,Other,,FALSE
vivereoncologia.com.br,Other,,FALSE
viversempressa.com,Earned Media,Earned Media Global,FALSE
vjhemonc.com,Earned Media,Earned Media Global,FALSE
vjoncology.com,Earned Media,Earned Media Global,FALSE
vlex.com.br,Other,,FALSE
vlvadvogados.com,Other,,FALSE
vmesilvaadvogados.com.br,Other,,FALSE
vocepergunta.com,Earned Media,Earned Media Global,FALSE
voka.io,Other,,FALSE
voluntarios.com.br,Other,,FALSE
volutamedical.com.br,Other,HCP,FALSE
votuporangatudo.com.br,Other,,FALSE
voufazerradioterapia.pt,Other,,FALSE
voxms.com.br,Other,,FALSE
voysaude.com.br,Other,HCP,FALSE
vrtxmedical.com,Other,,FALSE
vsm.adv.br,Other,,FALSE
vsmadvogados.adv.br,Other,,FALSE
vteximg.com.br,Other,,FALSE
vuelopharma.com,Other,,FALSE
vumigroup.com,Other,,FALSE
vx.med.br,Other,,FALSE
vycma.com.br,Other,,FALSE
w-fusion.co.jp,Other,,FALSE
w12.com.br,Other,,FALSE
w7academia.com.br,Other,,FALSE
wa.gov,Institutions,Institution Global,FALSE
wadsworth.org,Institutions,Institution Global,FALSE
wakolatinamerica.com,Other,,FALSE
walkiriabrunetti.com.br,Other,,FALSE
walteradvocacia.com.br,Other,,FALSE
wbaltv.com,Earned Media,Earned Media Global,FALSE
wcupa.edu,Institutions,Institution Global,FALSE
we-bank.net,Other,,FALSE
webador.com,Other,,FALSE
webdamdb.com,Other,,FALSE
webflow.com,Other,,FALSE
webmd.com,Earned Media,Earned Media Global,FALSE
website-files.com,Other,,FALSE
wecancer.com.br,Other,,FALSE
wecareskin.com,Other,,FALSE
wedoany.com,Other,,FALSE
weillcornell.org,Institutions,Institution Global,FALSE
weinmann.com.br,Other,,FALSE
wellbe.co,Other,,FALSE
wellfound.com,Other,,FALSE
wellingsonpaiva.com.br,Other,,FALSE
wellmark.com,Other,,FALSE
wellnerd.com.br,Other,,FALSE
wellzrx.com,Earned Media,Earned Media Global,FALSE
wemeds.com.br,Other,,FALSE
wendelluguetto.com.br,Other,,FALSE
wennersavio.com.br,Other,,FALSE
westernhealth.com,Other,,FALSE
westernsurgical.com,Other,,FALSE
wfh.org,Institutions,Institution Global,FALSE
whatsmed.com.br,Other,,FALSE
who.int,Institutions,Institution Global,FALSE
widalpacheco.com.br,Other,,FALSE
wikem.org,Institutions,Institution Global,FALSE
wikibooks.org,Social,,FALSE
wikidoc.org,Social,,FALSE
wikilectures.eu,Other,,FALSE
wikimedia.org,Institutions,Institution Global,FALSE
wikipedia.org,Institutions,Institution BR,FALSE
wikiwand.com,Earned Media,Earned Media Global,FALSE
wiley.com,Earned Media,Earned Media Global,FALSE
willianrezende.com.br,Other,,FALSE
willowspringsrehab.com,Other,,FALSE
wiltoncardozo.com.br,Other,,FALSE
windows.net,Other,,FALSE
winsig.pt,Other,,FALSE
wirajanebarrosadv.com.br,Other,,FALSE
wisconsinurology.com,Other,,FALSE
withpower.com,Other,,FALSE
wizey.one,Other,,FALSE
wjgnet.com,Institutions,Institution Global,FALSE
wklinik.com.br,Other,,FALSE
wmbdradio.com,Earned Media,Earned Media Global,FALSE
wmhematologia.com.br,Other,,FALSE
womenshealth.gov,Institutions,Institution Global,FALSE
worcsacute.nhs.uk,Institutions,Institution Global,FALSE
wordpress.com,Other,,FALSE
workplaceoptions.com,Other,,FALSE
worldcalc.org,Other,,FALSE
worldhairinstitute.com,Other,,FALSE
worldpharmanews.com,Earned Media,Earned Media Global,FALSE
worldwidecancerresearch.org,Institutions,Institution Global,FALSE
wrhealth.com.br,Other,,FALSE
wsj.com,Earned Media,Earned Media Global,FALSE
wuzzuf.net,Other,,FALSE
www2.gov.pt,Institutions,Institution Global,FALSE
wyicsapc.co.uk,Institutions,Institution Global,FALSE
x.com,Social,,FALSE
xtalks.com,Earned Media,Earned Media Global,FALSE
xydiagnose.com.br,Other,,FALSE
yahoo.com,Earned Media,Earned Media Global,FALSE
yakarandamag.com,Earned Media,Earned Media Global,FALSE
yale.edu,Institutions,Institution Global,FALSE
yalemedicine.org,Institutions,Institution Global,FALSE
yashodahospitals.com,Other,,FALSE
yerbba.com,Other,,FALSE
yorkhospitals.nhs.uk,Institutions,Institution Global,FALSE
yourcancercare.com,Other,,FALSE
youtube.com,Social,,FALSE
ypo.education,Other,,FALSE
ypora.com.br,Other,,FALSE
yuntsg.com,Other,,FALSE
zadehsurgical.com,Other,,FALSE
zdravo.life,Other,,FALSE
zebionfisioterapia.com,Other,,FALSE
zendesk.com,Other,,FALSE
zenonco.io,Other,,FALSE
zerocancer.org,Institutions,Institution Global,FALSE
ziprecruiter.com,Other,,FALSE
zlk.com,Other,,FALSE
zmg.us,Other,,FALSE
zolgensma-enrollment.com,Owned,Owned Global,FALSE
zolgensma-hcp.com,Owned,Owned Global,FALSE
zolgensma-itvisma-copayassist.com,Owned,Owned Global,FALSE
zolgensma.com,Owned,Owned Global,FALSE
zolgensmacopayassist.com,Owned,Owned Global,FALSE
zolgensmareimbursement.com,Owned,Owned Global,FALSE
zonebourse.com,Earned Media,Earned Media Global,FALSE
zoogene.com.br,Other,,FALSE
